Position,Url,Traffic,_keyword
1,https://www.allpest.com.au/,188,pest control perth
2,https://www.termicopestmanagement.com.au/,127,pest control perth
3,https://www.rentokil.com/au/about/local-branches/pest-control-perth,101,pest control perth
4,https://a1pestcontrolperth.com.au/pricing/,69,pest control perth
5,https://www.perthpest.com.au/,69,pest control perth
6,https://www.tomspestcontrolperth.com.au/,63,pest control perth
7,https://www.envirapest.com.au/,55,pest control perth
8,https://www.flick.com.au/perth-pest-control/,37,pest control perth
9,https://alluneedpestcontrol.com.au/,26,pest control perth
10,https://alluneedpestcontrol.com.au/,14,pest control perth
1,https://www.joondaluppestcontrol.com.au/,312,pest control joondalup
2,https://www.allpest.com.au/joondalup/,10,pest control joondalup
3,https://www.rentokil.com/au/about/local-branches/pest-control-perth/pest-control-joondalup,7,pest control joondalup
4,http://www.wapestsaway.com.au/,5,pest control joondalup
5,https://www.budgetpest.com.au/pest-control-joondalup/,2,pest control joondalup
6,https://www.flick.com.au/joondalup-pest-control/,2,pest control joondalup
7,https://antipesto.net/,1,pest control joondalup
8,https://sherlockpestcontrol.com.au/pest-control-services/joondalup/,1,pest control joondalup
9,https://pestsoutwa.com.au/,0,pest control joondalup
10,https://alluneedpestcontrol.com.au/pest-control-joondalup/,0,pest control joondalup
1,https://www.termicopestmanagement.com.au/,31,termite inspection perth
2,https://www.rentokil.com/au/about/local-branches/pest-control-perth/termite-treatment-perth,21,termite inspection perth
3,https://swatapest.com.au/termite-inspections-perth/,16,termite inspection perth
4,https://www.tomspestcontrolperth.com.au/termite-treatment-perth/,9,termite inspection perth
5,https://homeintegrity.com.au/annual-termite-inspections/,6,termite inspection perth
6,https://www.termipest.com.au/,4,termite inspection perth
7,https://wabuildinginspections.com.au/shocking-truth-about-termite-inspection-perth/,3,termite inspection perth
8,https://www.allpest.com.au/pests/termite-pest-control-perth/,2,termite inspection perth
9,https://www.envirapest.com.au/,1,termite inspection perth
10,https://www.envirotechnics.com.au/,1,termite inspection perth
1,https://www.termicopestmanagement.com.au/,30,termite treatment perth
2,https://www.tomspestcontrolperth.com.au/termite-treatment-perth/,24,termite treatment perth
3,https://www.reddit.com/r/perth/comments/1bn8qkh/termite_treatment_cost/,24,termite treatment perth
4,https://www.rentokil.com/au/about/local-branches/pest-control-perth/termite-treatment-perth,19,termite treatment perth
5,https://www.allpest.com.au/pests/termite-pest-control-perth/,5,termite treatment perth
6,https://alluneedpestcontrol.com.au/,5,termite treatment perth
7,https://www.envirapest.com.au/,4,termite treatment perth
8,https://www.termipest.com.au/,3,termite treatment perth
9,https://www.envirotechnics.com.au/,3,termite treatment perth
10,https://www.flick.com.au/perth-pest-control/termite-treatment/,1,termite treatment perth
1,https://www.termicopestmanagement.com.au/,16,termite control perth
2,https://www.rentokil.com/au/about/local-branches/pest-control-perth/termite-treatment-perth,11,termite control perth
3,https://www.allpest.com.au/pests/termite-pest-control-perth/,9,termite control perth
4,https://www.tomspestcontrolperth.com.au/termite-treatment-perth/,7,termite control perth
5,https://www.termipest.com.au/,6,termite control perth
6,https://www.envirapest.com.au/,6,termite control perth
7,https://www.flick.com.au/perth-pest-control/termite-treatment/,2,termite control perth
8,https://alluneedpestcontrol.com.au/,1,termite control perth
9,https://www.stewartspestcontrol.com.au/termite-control,1,termite control perth
10,https://www.flick.com.au/perth-pest-control/termite-treatment/,1,termite control perth
1,https://bugbusters.com.au/wanneroo-pest-control/,7,pest control wanneroo
2,https://www.rentokil.com/au/about/local-branches/pest-control-perth/pest-control-wanneroo,4,pest control wanneroo
3,https://www.stewartspestcontrol.com.au/pest-control-wanneroo,3,pest control wanneroo
4,https://alluneedpestcontrol.com.au/pest-control-wanneroo/,2,pest control wanneroo
5,https://www.360pestandweed.com.au/,2,pest control wanneroo
6,https://www.budgetpest.com.au/pest-control-wanneroo/,2,pest control wanneroo
7,https://sherlockpestcontrol.com.au/pest-control-services/wanneroo/,1,pest control wanneroo
8,https://www.joondaluppestcontrol.com.au/,0,pest control wanneroo
9,https://pestcontrolperth.info/areas/pest-control-wanneroo/,0,pest control wanneroo
10,https://ecosafepestcontrolperth.com.au/pest-control-wanneroo/,0,pest control wanneroo
1,https://www.flick.com.au/warwick-pest-control/,27,pest control warwick
2,https://www.facebook.com/paynespestmanagement/,14,pest control warwick
3,https://www.yellowpages.com.au/warwick-qld-4370/pest-control,9,pest control warwick
4,https://www.jimspestwarwick.com.au/,7,pest control warwick
5,https://hentschelpestmanagement.com/,4,pest control warwick
6,https://www.southerndownscarpetcleaning.com/general-pest-control,2,pest control warwick
7,https://www.creepycrawly.com.au/,2,pest control warwick
8,https://warwickcarpetshampoo.com.au/,1,pest control warwick
9,https://www.whitepages.com.au/amalgamated-pest-control-10090142/warwick-qld-10225592B,0,pest control warwick
10,https://warwickcarpetshampoo.com.au/,0,pest control warwick
1,https://www.tomspestcontrolperth.com.au/hillarys/,5,pest control hillarys
2,https://pestcontrolperth.info/areas/pest-control-hillarys/,3,pest control hillarys
3,https://www.oneflare.com.au/pest-control/wa/hillarys,1,pest control hillarys
4,https://www.stewartspestcontrol.com.au/pest-control-hillarys,1,pest control hillarys
5,https://hpc-group.com.au/,1,pest control hillarys
6,https://a1pestcontrolperth.com.au/pest-control-in-hillarys/,0,pest control hillarys
7,https://www.facebook.com/Chamberspest/,0,pest control hillarys
8,https://5starecopestcontrolperth.com.au/hillarys/,0,pest control hillarys
9,https://hipages.com.au/find/pest_control/wa/hillarys,0,pest control hillarys
10,https://www.thewhiteantman.net.au/pest-control-perth,0,pest control hillarys
1,https://www.envirapest.com.au/perth-ant-treatments/,11,ant control perth
2,https://pestsoutwa.com.au/pests/ants-pest-control-perth,11,ant control perth
3,https://www.tomspestcontrolperth.com.au/ant-control/,10,ant control perth
4,https://theantguy.com.au/,9,ant control perth
5,https://www.rentokil.com/au/about/local-branches/pest-control-perth/ant-control-perth,6,ant control perth
6,https://a1pestcontrolperth.com.au/pricing/,4,ant control perth
7,https://www.termicopestmanagement.com.au/residential-pest-control/common-pests/ants,2,ant control perth
8,https://www.flick.com.au/perth-pest-control/ant-control/,1,ant control perth
9,https://rac.com.au/horizons/lifestyle/rid-black-ants,1,ant control perth
10,https://antspestcontrolperth.com.au/,1,ant control perth
1,https://www.rentokil.com/au/about/local-branches/pest-control-perth/cockrocah-control-perth,25,cockroach control perth
2,https://www.allpest.com.au/pests/cockroach-pest-control-perth/,17,cockroach control perth
3,https://www.tomspestcontrolperth.com.au/cockroach-control/,13,cockroach control perth
4,https://ecosafepestcontrolperth.com.au/cockroach-control-perth/,11,cockroach control perth
5,https://www.flick.com.au/perth-pest-control/cockroach-control/,9,cockroach control perth
6,https://www.envirapest.com.au/perth-cockroach-treatments/,9,cockroach control perth
7,https://pestsoutwa.com.au/pests/cockroaches-pest-control-perth/,8,cockroach control perth
8,https://bugbusters.com.au/,7,cockroach control perth
9,https://www.budgetpest.com.au/cockroach-pest-control-perth/,5,cockroach control perth
10,https://www.budgetpest.com.au/cockroach-pest-control-perth/,2,cockroach control perth
1,https://www.rentokil.com/au/about/local-branches/pest-control-perth/rodent-control-perth,84,rodent control perth
2,https://ratspestcontrolperth.com.au/,57,rodent control perth
3,https://www.allpest.com.au/pests/pest-control-rats-perth/,45,rodent control perth
4,https://www.flick.com.au/perth-pest-control/rodent-control/,11,rodent control perth
5,https://www.tomspestcontrolperth.com.au/,9,rodent control perth
6,https://www.stewartspestcontrol.com.au/rats-mice,6,rodent control perth
7,https://www.termicopestmanagement.com.au/residential-pest-control/common-pests/rats-mice,6,rodent control perth
8,https://www.budgetpest.com.au/,5,rodent control perth
9,https://a1pestcontrolperth.com.au/,3,rodent control perth
10,https://www.cottesloepestcontrol.com/pest-library/rodents/,3,rodent control perth
1,https://www.termicopestmanagement.com.au/residential-pest-control/common-pests/spiders,20,spider control perth
2,https://swatapest.com.au/spider-pest-control-perth/,14,spider control perth
3,https://www.rentokil.com/au/about/local-branches/pest-control-perth/spider-control-perth,7,spider control perth
4,https://www.stewartspestcontrol.com.au/spiders,6,spider control perth
5,https://www.tomspestcontrolperth.com.au/spider-control/,4,spider control perth
6,https://bugbusters.com.au/pest-control/spiders/,2,spider control perth
7,https://www.allpest.com.au/pests/spider-control-perth/,2,spider control perth
8,https://www.envirotechnics.com.au/domestic/spider-treatments/,1,spider control perth
9,https://www.flick.com.au/perth-pest-control/spider-control/,1,spider control perth
10,https://www.envirapest.com.au/perth-spider-treatments/,0,spider control perth
1,https://beerangers.com.au/,31,bee removal perth
2,https://beesremovalperth.com.au/,21,bee removal perth
3,https://www.perthbeeremoval.com.au/,16,bee removal perth
4,https://waas.org.au/swarms,14,bee removal perth
5,https://ecosafepestcontrolperth.com.au/bees-removal-service-perth/,2,bee removal perth
6,https://stickyprickbeehaven.com.au/bee-swarm-removals/,1,bee removal perth
7,https://www.facebook.com/groups/1604115673200464/posts/4219086345036704/,1,bee removal perth
8,https://swatapest.com.au/bee-removal-perth/,1,bee removal perth
9,https://sherlockpestcontrol.com.au/bee-control/,0,bee removal perth
10,https://nativepollinate.com/,0,bee removal perth
1,https://swatapest.com.au/wasp-removal-perth/,7,wasp removal perth
2,https://www.tomspestcontrolperth.com.au/wasp-removal/,5,wasp removal perth
3,https://www.stewartspestcontrol.com.au/wasps,5,wasp removal perth
4,https://www.rentokil.com/au/about/local-branches/pest-control-perth/wasp-control-perth,2,wasp removal perth
5,https://ecosafepestcontrolperth.com.au/wasp-removal-perth/,1,wasp removal perth
6,https://www.budgetpest.com.au/wasp-removal-nest-pest-control-perth/,1,wasp removal perth
7,https://www.termicopestmanagement.com.au/residential-pest-control/common-pests/wasps,0,wasp removal perth
8,https://www.reddit.com/r/perth/comments/1rb9wdf/wasp_nest_eradication/,0,wasp removal perth
9,https://www.allpest.com.au/pests/wasp-and-bee-removal-perth/,0,wasp removal perth
10,https://bugbusters.com.au/pest-control/wasps/,0,wasp removal perth
