domain,rankings,keywords
rentokil.com,11,wasp removal perth;pest control wanneroo;pest control perth;rodent control perth;ant control perth;spider control perth;pest control joondalup;cockroach control perth;termite inspection perth;termite control perth;termite treatment perth
tomspestcontrolperth.com.au,10,wasp removal perth;pest control perth;pest control hillarys;rodent control perth;ant control perth;spider control perth;cockroach control perth;termite inspection perth;termite control perth;termite treatment perth
flick.com.au,10,pest control warwick;pest control perth;rodent control perth;ant control perth;spider control perth;pest control joondalup;cockroach control perth;termite control perth;termite treatment perth
allpest.com.au,9,wasp removal perth;pest control perth;rodent control perth;spider control perth;pest control joondalup;cockroach control perth;termite inspection perth;termite control perth;termite treatment perth
termicopestmanagement.com.au,8,wasp removal perth;pest control perth;rodent control perth;ant control perth;spider control perth;termite inspection perth;termite control perth;termite treatment perth
envirapest.com.au,7,pest control perth;ant control perth;spider control perth;cockroach control perth;termite inspection perth;termite control perth;termite treatment perth
alluneedpestcontrol.com.au,6,pest control wanneroo;pest control perth;pest control joondalup;termite control perth;termite treatment perth
budgetpest.com.au,6,wasp removal perth;pest control wanneroo;rodent control perth;pest control joondalup;cockroach control perth
stewartspestcontrol.com.au,6,wasp removal perth;pest control wanneroo;pest control hillarys;rodent control perth;spider control perth;termite control perth
a1pestcontrolperth.com.au,4,ant control perth;pest control perth;pest control hillarys;rodent control perth
swatapest.com.au,4,wasp removal perth;termite inspection perth;spider control perth;bee removal perth
bugbusters.com.au,4,cockroach control perth;pest control wanneroo;spider control perth;wasp removal perth
ecosafepestcontrolperth.com.au,4,cockroach control perth;pest control wanneroo;bee removal perth;wasp removal perth
sherlockpestcontrol.com.au,3,pest control wanneroo;bee removal perth;pest control joondalup
pestsoutwa.com.au,3,ant control perth;cockroach control perth;pest control joondalup
termipest.com.au,3,termite inspection perth;termite control perth;termite treatment perth
envirotechnics.com.au,3,termite inspection perth;spider control perth;termite treatment perth
facebook.com,3,pest control warwick;pest control hillarys;bee removal perth
joondaluppestcontrol.com.au,2,pest control wanneroo;pest control joondalup
reddit.com,2,wasp removal perth;termite treatment perth
pestcontrolperth.info,2,pest control wanneroo;pest control hillarys
warwickcarpetshampoo.com.au,2,pest control warwick
perthpest.com.au,1,pest control perth
wapestsaway.com.au,1,pest control joondalup
antipesto.net,1,pest control joondalup
homeintegrity.com.au,1,termite inspection perth
wabuildinginspections.com.au,1,termite inspection perth
360pestandweed.com.au,1,pest control wanneroo
yellowpages.com.au,1,pest control warwick
jimspestwarwick.com.au,1,pest control warwick
hentschelpestmanagement.com,1,pest control warwick
southerndownscarpetcleaning.com,1,pest control warwick
creepycrawly.com.au,1,pest control warwick
whitepages.com.au,1,pest control warwick
oneflare.com.au,1,pest control hillarys
hpc-group.com.au,1,pest control hillarys
5starecopestcontrolperth.com.au,1,pest control hillarys
hipages.com.au,1,pest control hillarys
thewhiteantman.net.au,1,pest control hillarys
theantguy.com.au,1,ant control perth
rac.com.au,1,ant control perth
antspestcontrolperth.com.au,1,ant control perth
ratspestcontrolperth.com.au,1,rodent control perth
cottesloepestcontrol.com,1,rodent control perth
beerangers.com.au,1,bee removal perth
beesremovalperth.com.au,1,bee removal perth
perthbeeremoval.com.au,1,bee removal perth
waas.org.au,1,bee removal perth
stickyprickbeehaven.com.au,1,bee removal perth
nativepollinate.com,1,bee removal perth
