Keyword,Search Volume,CPC,Competition,Number of Results,Trends,Intent,Keyword Difficulty Index,_root
what does termite damage look like,210,0.53,0.05,12900000,"0.65,0.65,0.65,0.65,0.53,0.80,1.00,1.00,1.00,0.80,1.00,0.80",1,12,termite damage
does home insurance cover termite damage,140,7.7,0.17,0,"0.09,0.15,0.19,0.09,0.06,0.29,0.29,0.29,0.29,0.23,0.36,0.29",1,14,termite damage
does insurance cover termite damage,110,5.33,0.09,0,"0.64,0.78,0.78,0.78,0.78,1.00,0.78,0.78,0.64,1.00,1.00,1.00",1,16,termite damage
is termite damage covered by insurance,110,5.28,0.24,2860000,"0.42,0.26,0.42,0.42,0.34,0.26,0.34,0.26,0.34,0.53,0.65,0.53",1,3,termite damage
does homeowners insurance cover termite damage,90,7.7,0.17,124,"0.50,0.64,1.00,0.50,0.35,0.64,0.50,0.50,0.78,0.50,0.64,0.64",1,16,termite damage
will homeowners insurance cover termite damage,90,7.97,0.11,1120000,"0.50,0.64,1.00,0.50,0.35,0.50,0.50,0.50,0.78,0.50,0.64,0.64",1,16,termite damage
does house insurance cover termite damage,70,7.7,0.17,127,"0.63,0.63,1.00,0.81,0.45,0.63,0.63,0.63,0.81,0.63,0.81,0.81",1,9,termite damage
will home insurance cover termite damage,70,7.7,0.17,111,"0.63,0.45,1.00,0.81,0.45,0.63,0.63,0.63,0.81,0.81,0.81,0.81",1,16,termite damage
do insurance cover termite damage,40,9.42,0.16,119,"0.63,0.81,0.81,0.00,0.63,0.00,0.00,0.00,0.00,0.00,0.00,0.00",1,2,termite damage
how to get insurance to cover termite damage,40,6.23,0.58,125,"0.44,0.33,0.22,0.22,0.22,0.77,0.77,0.55,0.22,0.33,0.44,0.55",1,10,termite damage
is termite damage covered by home insurance,40,5.5,0.33,0,"0.09,0.09,0.09,0.09,0.09,0.52,0.19,0.23,0.19,0.09,0.23,0.14",,0,termite damage
is termite damage covered by insurance australia,40,4.08,0.33,0,"0.18,0.18,0.18,0.18,0.18,0.45,0.63,0.36,0.27,0.27,0.45,0.45",,0,termite damage
will insurance cover termite damage,40,9.42,0.16,2840000,"0.63,0.63,0.63,0.09,0.63,0.18,0.09,0.18,0.18,0.18,0.18,0.18",1,14,termite damage
what do termite damage look like,30,0,0.03,0,"0.82,0.64,0.11,0.00,0.00,0.05,0.00,0.00,0.00,0.00,0.05,0.00",,0,termite damage
can flying termites cause damage,20,0,0.66,0,"0.50,0.50,0.50,0.50,0.50,0.50,0.50,0.00,0.50,0.75,0.50,0.50",,0,termite damage
can termite damage be claimed on homeowners insurance,20,0,0.33,0,"0.66,0.66,0.66,0.66,0.66,0.66,0.66,0.00,0.66,0.66,0.66,0.66",,0,termite damage
can termite damage be covered by insurance,20,0,0.33,0,"0.00,0.00,1.00,1.00,1.00,1.00,1.00,1.00,1.00,1.00,1.00,1.00",,0,termite damage
can termite damage be fixed,20,0,0.33,0,"0.00,0.66,0.66,0.66,0.66,0.66,0.66,0.66,0.66,0.66,0.66,0.66",,0,termite damage
can termite damage be repaired,20,0,0.33,0,"0.66,0.66,0.66,0.66,0.66,0.66,0.66,0.66,0.66,0.66,0.66,0.66",,0,termite damage
can termites damage brick house,20,0,0.33,0,"0.66,0.66,0.66,0.66,0.66,0.66,0.66,0.66,0.66,0.66,0.66,0.66",,0,termite damage
can termites damage concrete,20,0,0.33,0,"0.66,0.66,0.66,0.66,0.66,0.66,0.66,0.66,0.66,0.66,0.66,0.66",,0,termite damage
can you claim termite damage on house insurance,20,0,0.33,0,"1.00,1.00,1.00,1.00,1.00,1.00,1.00,1.00,1.00,1.00,1.00,1.00",,0,termite damage
can you claim termite damage on insurance,20,0,0.33,0,"0.11,0.11,0.11,0.11,0.11,0.17,0.11,0.11,0.11,0.11,0.11,0.11",,0,termite damage
can you fix termite damage,20,0,0.33,0,"0.11,0.11,0.11,0.11,0.11,0.11,0.11,0.11,0.11,0.11,0.11,0.11",,0,termite damage
can you repair termite damage,20,0,0.29,0,"0.11,0.11,0.11,0.11,0.11,0.11,0.11,0.00,0.00,0.11,0.11,0.11",,0,termite damage
how long does termite swarming last,40,0,0.03,0,"0.11,0.41,0.11,0.11,1.00,0.11,0.00,0.23,0.11,0.11,0.11,0.11",,0,termite swarm
how long do termites swarm after treatment,30,0,0.33,0,"0.22,0.22,0.22,0.22,0.22,0.33,0.33,0.33,0.33,0.44,0.33,0.33",,0,termite swarm
how long does a termite swarm last,30,0,0.33,0,"0.40,0.40,0.40,0.40,0.40,0.60,0.60,0.60,0.80,1.00,0.80,0.60",,0,termite swarm
do termites swarm,20,0,0.09,0,"0.00,0.11,0.11,0.11,0.11,0.11,0.11,0.11,0.11,0.11,0.11,0.11",,0,termite swarm
how long do swarming termites last,20,0,0.03,0,"0.14,1.00,0.14,0.28,0.28,0.28,0.00,0.28,0.28,0.28,0.28,0.28",,0,termite swarm
how long do termite swarms last,20,0,0.33,0,"0.66,0.66,0.66,0.66,0.66,0.66,0.00,0.66,0.66,0.66,0.66,0.66",,0,termite swarm
how long do termites live after they swarm,20,0,0.33,0,"0.22,0.22,0.22,0.22,0.22,0.22,0.22,0.22,0.22,0.22,0.22,0.22",,0,termite swarm
how often do termites swarm,20,0,0.33,0,"0.22,0.22,0.00,0.00,0.00,0.22,0.22,0.22,0.22,0.22,0.22,0.22",,0,termite swarm
what do swarming termites look like,20,0,0.33,0,"0.66,0.66,0.66,0.66,0.66,0.66,0.66,0.66,0.66,0.66,0.66,0.66",,0,termite swarm
what does a swarming termite look like,20,0,0.33,0,"0.18,0.18,0.18,0.18,0.18,0.18,0.18,0.18,0.18,0.18,0.18,0.18",,0,termite swarm
what does swarming termites look like,20,0,0.02,0,"0.50,0.50,0.50,0.50,0.50,0.50,0.50,0.50,0.50,0.50,0.50,0.50",,0,termite swarm
what does termite swarm look like,20,0,0.02,0,"1.00,1.00,1.00,1.00,1.00,1.00,1.00,1.00,1.00,1.00,1.00,1.00",,0,termite swarm
what time of the year do termites swarm,20,0,0.33,0,"0.00,0.66,0.66,0.66,0.66,0.66,0.66,0.66,0.66,0.66,0.66,0.66",,0,termite swarm
what time of year do termites swarm,20,0,0.33,0,"0.00,0.66,0.66,0.66,0.66,0.66,0.66,0.66,0.66,0.66,0.66,0.66",,0,termite swarm
when do termites swarm,20,0,0.33,0,"0.66,0.66,0.66,0.66,0.66,0.66,0.66,0.66,0.66,1.00,0.66,0.66",,0,termite swarm
are swarming termites a problem,10,0,0.14,0,"0.00,0.66,0.00,0.00,0.00,0.00,0.00,0.00,0.66,0.66,0.66,0.00",,0,termite swarm
are swarming termites attracted to light,10,0,0.33,0,"0.00,0.00,0.00,0.00,0.00,0.00,0.00,0.00,0.66,0.66,0.66,0.00",,0,termite swarm
are termites swarming right now,10,0,0,0,"0.00,0.00,0.00,0.00,0.00,0.00,0.00,1.00,1.00,0.00,0.00,1.00",,0,termite swarm
can you eat termites swarms,10,0,0.33,0,"0.00,1.00,0.00,1.00,0.00,1.00,0.00,0.00,0.00,0.00,1.00,0.00",,0,termite swarm
do ants swarm like termites,10,0,0,0,"0.00,0.18,0.18,0.00,0.18,0.00,0.00,0.00,0.00,0.00,0.00,0.00",,0,termite swarm
do drywood termites swarm,10,0,0.33,0,"0.00,0.00,0.00,0.66,0.00,0.66,0.00,0.00,0.66,0.66,0.66,0.00",,0,termite swarm
do subterranean termites swarm,10,0,0,0,"0.66,0.66,0.00,0.66,0.00,0.00,0.00,0.66,0.66,0.66,0.00,0.66",,0,termite swarm
do swarming termites eat wood,10,0,0.33,0,"0.00,0.00,0.66,0.00,0.66,0.00,0.00,0.00,0.00,0.00,0.66,0.00",,0,termite swarm
do swarming termites mean infestation,10,0,0.33,0,"0.66,0.00,0.66,0.66,0.00,0.00,0.00,0.66,0.66,0.66,0.66,0.66",,0,termite swarm
do termites die after they swarm,10,0,0.33,0,"0.00,0.00,1.00,0.00,0.00,0.00,0.00,0.00,0.00,1.00,0.00,1.00",,0,termite swarm
what do termite mud tubes look like,30,0,0.33,0,"0.40,0.40,0.40,0.40,0.40,0.60,0.80,0.80,0.80,1.00,0.80,0.60",,0,termite mud tubes
how long does it take termites to build mud tubes,20,0,0.33,0,"0.66,0.66,0.66,0.66,0.66,0.66,0.00,0.66,0.66,0.66,0.66,0.66",,0,termite mud tubes
how to remove termite mud tubes,20,0,0.07,0,"0.28,0.28,0.28,0.28,0.28,0.28,0.28,0.28,0.28,0.28,0.28,0.28",,0,termite mud tubes
what are termite mud tubes,20,0,0.33,0,"0.66,0.66,0.66,0.66,0.66,0.66,0.66,0.66,0.66,0.66,0.66,0.66",,0,termite mud tubes
what does a termite mud tube look like,20,0,0.33,0,"0.66,0.66,0.66,0.66,0.66,0.66,0.66,0.66,0.66,0.66,0.66,0.66",,0,termite mud tubes
what does termite mud tubes look like,20,0,0.33,0,"0.40,0.40,0.40,0.40,0.40,0.40,0.40,0.40,0.40,0.40,0.40,0.40",,0,termite mud tubes
what is a termite mud tube,20,0,0.33,0,"0.66,0.66,0.00,0.66,0.66,0.66,0.66,0.00,0.66,0.66,0.66,0.66",,0,termite mud tubes
do drywood termites make mud tubes,10,0,0.33,0,"0.66,0.00,0.00,0.66,0.66,0.00,0.00,0.66,0.66,0.00,0.66,0.66",,0,termite mud tubes
how fast do termites build mud tubes,10,0,0.33,0,"0.00,1.00,1.00,1.00,0.00,1.00,1.00,0.00,1.00,0.00,1.00,1.00",,0,termite mud tubes
how to clean termite mud tubes,10,0,0.33,0,"0.00,0.50,0.50,0.00,0.50,0.00,0.50,0.50,0.50,0.00,0.00,0.50",,0,termite mud tubes
how to get rid of termite mud tubes,10,0,0.33,0,"0.66,0.66,0.66,0.00,0.66,0.66,0.00,0.66,0.66,0.00,0.00,0.66",,0,termite mud tubes
how to remove termite mud tubes from wall,10,0,0.33,0,"0.00,0.00,1.00,1.00,0.00,0.00,0.00,0.00,0.00,1.00,1.00,0.00",,0,termite mud tubes
what are mud tubes termites,10,0,0.33,0,"0.00,0.00,0.00,0.00,0.00,1.00,0.00,1.00,1.00,0.00,1.00,1.00",,0,termite mud tubes
what do mud tubes from termites look like,10,0,0.33,0,"0.00,0.66,0.00,0.66,0.66,0.00,0.00,0.00,0.66,0.00,0.66,0.00",,0,termite mud tubes
why do termites build mud tubes,10,0,0,0,"0.00,0.00,0.00,0.00,0.00,0.66,0.00,0.66,0.66,0.66,0.00,0.00",,0,termite mud tubes
why do termites make mud tubes,10,0,0.33,0,"0.00,0.00,0.66,0.66,0.00,0.66,0.00,0.00,0.00,0.66,0.66,0.66",,0,termite mud tubes
are termite mud tubes hard,0,0,0,0,"0.00,0.00,0.00,0.00,0.00,0.00,0.00",,0,termite mud tubes
are termite mud tubes hard or soft,0,0,0,0,"0.00,0.00,0.00,0.00,0.00,0.00,0.00,0.00,0.00,0.00,0.00,0.00",,0,termite mud tubes
how to treat termite mud tubes,0,0,0,0,"0.00,0.00,0.00,0.00,0.00,0.00,0.00,0.00,0.00,0.00,0.00,0.00",,0,termite mud tubes
should i break a termite mud tube,0,0,0,0,"0.00,0.00,0.00,0.00,0.00,0.00,0.00,0.00,0.00,0.00,0.00,0.00",,0,termite mud tubes
will termites re use their old mud tubes,0,0,0,0,"0.00,0.00,0.00,0.00,0.00,0.00,0.00,0.00,0.00,0.00,0.00,0.00",,0,termite mud tubes
how to get rid of carpenter ants,210,1.17,0.82,6040000,"0.81,1.00,0.81,0.81,0.43,0.43,0.43,0.53,0.65,0.81,0.65,0.81",1,19,carpenter ant
how do i get rid of carpenter ants,170,1.17,0.82,3450000,"0.80,0.65,0.80,0.80,0.42,0.42,0.42,0.65,0.65,0.80,0.65,1.00",1,13,carpenter ant
how do you get rid of carpenter ants,170,1.17,0.82,3480000,"1.00,0.80,1.00,1.00,0.52,0.52,0.52,0.66,0.80,0.66,0.66,0.80",1,18,carpenter ant
how to rid carpenter ants,170,1.17,0.82,3340000,"0.80,0.65,0.80,0.80,0.42,0.42,0.42,0.65,0.65,0.80,0.65,1.00",1,19,carpenter ant
how to exterminate carpenter ants,140,1.17,0.82,0,"0.80,0.80,0.53,0.53,0.42,0.42,0.42,0.42,0.42,0.80,0.65,1.00",1,22,carpenter ant
do carpenter ants bite,90,0,0.33,126,"1.00,1.00,1.00,0.45,0.27,0.36,0.45,0.45,1.00,1.00,0.45,1.00",1,17,carpenter ant
how to recognize carpenter ants,90,0,0.01,9470000,"0.03,1.00,0.80,0.42,0.07,0.07,0.07,0.07,0.07,0.07,0.07,0.07",1,16,carpenter ant
what are carpenter ants,90,0,0.01,9280000,"0.22,0.22,0.22,0.18,0.08,0.14,0.14,0.14,0.22,0.22,0.22,0.29",1,34,carpenter ant
can carpenter ants bite,70,0,0.33,1480000,"1.00,1.00,1.00,0.18,0.18,0.18,0.18,0.18,1.00,1.00,0.18,1.00",1,25,carpenter ant
does carpenter ants bite,70,0,0.33,1500000,"0.78,0.78,0.78,0.14,0.14,0.14,0.14,0.14,0.78,0.78,0.14,0.78",1,20,carpenter ant
how to get rid of carpenter ants australia,50,0.8,0.82,224,"0.41,0.29,0.29,0.23,0.11,0.17,0.17,0.17,0.17,0.29,0.29,0.41",1,0,carpenter ant
how to identify carpenter ants,50,0,0.01,290000,"0.18,1.00,1.00,1.00,0.18,0.18,0.18,0.18,0.18,0.18,0.18,0.18",1,29,carpenter ant
are carpenter ants dangerous,40,0,0.33,0,"0.44,0.55,0.55,0.33,0.22,0.22,0.22,0.44,0.33,0.55,0.55,0.77",,0,carpenter ant
are carpenter ants in australia,40,0,0.33,0,"0.80,0.80,0.80,0.80,0.40,0.60,0.60,0.60,1.00,1.00,0.60,0.80",,0,carpenter ant
how do you kill carpenter ants,40,0.69,0.66,0,"0.18,1.00,0.18,0.18,0.18,0.18,0.18,0.18,0.18,0.18,0.18,1.00",,0,carpenter ant
how to control carpenter ants,40,0.69,0.66,0,"0.18,1.00,0.18,0.18,0.18,0.18,0.18,0.18,0.18,0.18,0.18,1.00",,0,carpenter ant
how to eliminate carpenter ants,40,0.69,0.66,0,"0.18,1.00,0.18,0.18,0.18,0.18,0.18,0.18,0.18,0.18,0.18,1.00",,0,carpenter ant
how to eradicate carpenter ants,40,0.69,0.66,0,"0.18,1.00,0.18,0.18,0.18,0.18,0.18,0.18,0.18,0.18,0.18,1.00",,0,carpenter ant
how to kill carpenter ants,40,0,0,0,"0.42,0.71,0.57,0.42,0.28,0.42,0.42,0.42,0.71,0.42,0.71,0.71",,0,carpenter ant
what do carpenter ants look like,40,0,0.33,0,"0.18,1.00,0.27,0.36,0.27,0.18,0.18,0.18,0.27,0.36,0.45,0.36",,0,carpenter ant
are big ants carpenter ants,30,0,0.33,0,"1.00,0.14,0.14,0.00,0.14,0.00,0.14,0.14,0.14,0.14,0.14,0.14",,0,carpenter ant
are carpenter ants bad,30,0,0.33,0,"0.17,0.17,0.17,0.11,0.11,0.11,0.11,0.11,0.17,0.29,0.23,0.23",,0,carpenter ant
are there carpenter ants in australia,30,0,0.33,0,"0.18,0.18,0.27,0.27,0.18,0.18,0.18,0.27,0.27,1.00,0.18,0.18",,0,carpenter ant
can carpenter ants destroy your home,30,0,0.33,0,"0.64,0.11,0.41,0.11,0.23,0.11,0.11,0.11,0.11,0.11,0.11,0.11",,0,carpenter ant
do carpenter ants have wings,30,0,0.33,0,"0.42,0.42,0.42,0.28,0.28,0.28,0.28,0.28,0.42,0.71,0.42,0.28",,0,carpenter ant
how do i get rid of pavement ants,40,0,0.61,0,"0.28,0.35,0.64,1.00,0.14,0.14,0.14,0.14,0.14,0.14,0.14,0.14",,0,pavement ant
how do you get rid of pavement ants,30,0,0.61,0,"0.11,0.11,0.52,0.11,0.11,0.11,0.11,0.11,0.11,0.11,0.11,0.11",,0,pavement ant
do pavement ants bite,20,0,0.33,0,"0.00,0.66,0.66,0.66,0.66,0.66,0.00,0.00,0.66,0.66,0.66,0.66",,0,pavement ant
how to control pavement ants,20,0,1,0,"0.00,0.40,0.40,0.40,0.40,0.40,0.00,0.40,0.40,0.40,0.40,0.40",,0,pavement ant
how to get rid of pavement ants,20,0,0.66,0,"0.07,0.07,0.07,0.07,0.07,0.07,0.07,0.07,0.07,0.07,0.07,0.07",,0,pavement ant
how to get rid of pavement ants outside permanently,20,0,0.99,0,"0.66,0.66,0.66,0.66,0.66,0.66,0.66,0.66,0.66,0.66,0.66,0.66",,0,pavement ant
what are pavement ants,20,0,0.33,0,"0.66,0.00,0.66,0.66,0.66,0.66,0.66,0.66,0.66,0.66,0.66,0.66",,0,pavement ant
what do pavement ants eat,20,0,0.33,0,"0.07,0.07,0.00,0.07,0.07,0.07,0.07,0.07,0.07,0.07,0.07,0.07",,0,pavement ant
what do pavement ants look like,20,0,0.33,0,"0.00,0.66,0.66,0.66,0.66,0.00,0.66,0.00,0.66,0.66,0.66,0.66",,0,pavement ant
are pavement ants dangerous,10,0,0.33,0,"0.00,1.00,1.00,1.00,0.00,0.00,1.00,0.00,0.00,1.00,1.00,1.00",,0,pavement ant
are pavement ants harmful,10,0,0.33,0,"0.66,0.66,0.66,0.00,0.66,0.00,0.66,0.00,0.00,0.66,0.66,0.66",,0,pavement ant
are pavement ants polygynous,10,0,0.33,0,"0.00,0.00,0.00,0.66,0.66,0.00,0.66,0.00,0.00,0.66,0.66,0.66",,0,pavement ant
can pavement ants bite,10,0,0,0,"0.00,0.00,0.00,0.00,1.00,1.00,0.00,0.00,1.00,0.00,0.00,0.00",,0,pavement ant
do pavement ants have majors,10,0,0.33,0,"1.00,1.00,0.00,0.00,1.00,0.00,0.00,1.00,1.00,1.00,1.00,1.00",,0,pavement ant
do pavement ants have wings,10,0,0.33,0,"0.00,0.00,0.40,0.40,0.00,0.00,0.40,0.00,0.40,0.40,0.40,0.40",,0,pavement ant
do pavement ants sting,10,0,0.33,0,"0.50,0.50,0.00,0.00,0.00,0.00,0.00,0.00,0.00,0.00,0.50,0.50",,0,pavement ant
how big are pavement ants,10,0,0,0,"1.00,0.00,1.00,0.00,0.00,1.00,0.00,0.00,1.00,0.00,0.00,0.00",,0,pavement ant
how long do pavement ants live,10,0,0,0,"0.00,1.00,0.00,1.00,0.00,1.00,0.00,0.00,1.00,0.00,0.00,0.00",,0,pavement ant
how to get rid of pavement ants naturally,10,0,0.33,0,"0.00,0.40,0.00,0.00,0.40,0.40,0.00,0.00,0.40,0.00,0.00,0.40",,0,pavement ant
how to get rid of pavement ants outside,10,0,0,0,"0.66,0.66,0.00,0.00,0.00,0.00,0.66,0.00,0.00,0.00,0.00,0.00",,0,pavement ant
how to get rid of pavement ants outside permanently diy,10,0,1,0,"0.00,0.00,0.00,1.00,0.00,0.00,1.00,0.00,0.00,1.00,1.00,0.00",,0,pavement ant
what attracts pavement ants,10,0,0.33,0,"0.66,0.00,0.66,0.66,0.00,0.00,0.66,0.66,0.66,0.00,0.00,0.66",,0,pavement ant
what kills pavement ants,10,0,0,0,"0.00,0.00,0.00,0.66,0.66,0.00,0.00,0.00,0.66,0.00,0.00,0.00",,0,pavement ant
when do pavement ants have nuptial flights,10,0,0,0,"0.00,1.00,0.00,0.00,0.00,0.00,1.00,0.00,0.00,1.00,0.00,0.00",,0,pavement ant
are pavement ants bad,0,0,0,0,"0.00,1.00,0.00,0.00,0.00,0.00,0.00,0.00,1.00,0.00,0.00,0.00",,0,pavement ant
what do fire ants look like,880,0.12,0.05,38300000,"0.30,0.81,0.55,0.62,0.30,0.45,0.36,0.45,0.55,0.55,0.55,0.45",1,28,fire ant
how to identify fire ants,590,0.14,0.03,8990000,"0.45,1.00,0.67,0.36,0.30,0.36,0.30,0.36,0.36,0.36,0.36,0.24",1,29,fire ant
why are fire ants bad,390,0.22,0.05,16700000,"0.30,0.45,0.30,0.36,0.20,0.36,0.16,0.10,0.13,0.13,0.10,0.10",1,20,fire ant
what are fire ants,170,0.32,0.03,50300000,"0.18,0.54,0.28,0.35,0.23,0.35,0.18,0.23,0.18,0.28,0.23,0.28",1,39,fire ant
what does a fire ant look like,170,0.1,0.06,136,"0.10,0.30,0.16,0.16,0.06,0.10,0.06,0.10,0.13,0.16,0.16,0.13",1,30,fire ant
how big are fire ants,140,0,0.01,131,"0.34,1.00,0.43,0.34,0.34,0.53,0.34,0.28,0.43,0.43,0.34,0.34",1,26,fire ant
how can i kill fire ants,140,0.68,0.44,12900000,"0.28,0.82,0.66,0.35,0.28,0.53,0.28,0.17,0.28,0.35,0.23,0.23",1,28,fire ant
how do you kill fire ants,140,0.68,0.44,17700000,"0.11,0.54,0.28,0.35,0.18,0.54,0.15,0.11,0.11,0.18,0.18,0.11",1,33,fire ant
how to exterminate fire ants,140,0.63,0.3,5120000,"0.53,0.80,0.80,0.65,0.26,0.42,0.34,0.26,0.34,0.53,0.53,0.42",1,21,fire ant
how to get rid of fire ants,140,0.63,0.3,122,"0.05,0.16,0.11,0.08,0.04,0.07,0.05,0.03,0.07,0.08,0.07,0.05",1,25,fire ant
how to kill fire ants,140,0,0,44,"0.18,1.00,0.43,0.29,0.22,0.54,0.18,0.08,0.04,0.06,0.08,0.08",1,24,fire ant
how to rid fire ants,140,0.59,0.44,10300000,"0.53,0.80,0.80,0.53,0.26,0.42,0.34,0.26,0.42,0.53,0.53,0.42",1,31,fire ant
what do fire ants do,140,0.01,0.05,146,"0.12,0.53,0.28,0.66,0.23,0.53,0.28,0.17,0.28,0.23,0.17,0.23",1,30,fire ant
what does a fire ant nest look like,140,0,0.01,123,"0.23,0.82,0.43,0.82,0.28,0.43,0.28,0.23,0.28,0.28,0.17,0.35",1,19,fire ant
how do i get rid of fire ants,110,0.63,0.3,0,"0.34,1.00,0.53,0.53,0.26,0.42,0.34,0.26,0.42,0.34,0.53,0.42",1,24,fire ant
how do you get rid of fire ants,110,0.63,0.3,0,"0.34,0.65,0.42,0.65,0.26,0.26,0.34,0.34,0.42,0.42,0.42,0.42",1,30,fire ant
how large are fire ants,110,0,0.01,152,"0.34,0.53,0.43,0.43,0.28,0.34,0.28,0.21,0.34,0.34,0.28,0.28",1,30,fire ant
what do fire ant stings look like,110,0,0,27000000,"0.42,0.80,0.66,0.52,0.33,0.33,0.42,0.33,0.33,0.42,0.66,0.66",1,42,fire ant
what do fire ants nests look like,110,0,0.01,2750000,"0.17,0.66,0.05,0.43,0.23,0.43,0.28,0.23,0.17,0.28,0.23,0.28",1,25,fire ant
what does a bite from a fire ant look like,110,0,0,11400000,"0.42,1.00,0.65,0.42,0.26,0.26,0.34,0.26,0.26,0.34,0.53,0.53",1,41,fire ant
what does a fire ant bite look like,110,0,0,10200000,"0.08,0.13,0.08,0.08,0.05,0.05,0.06,0.05,0.05,0.06,0.10,0.10",1,57,fire ant
what does a fire ant sting look like,110,0,0,25100000,"0.64,1.00,0.82,0.64,0.41,0.41,0.52,0.41,0.41,0.52,0.82,0.82",1,36,fire ant
what does fire ant nest look like,110,0,0.01,10400000,"0.33,1.00,0.52,1.00,0.42,0.80,0.52,0.52,0.42,0.52,0.42,0.52",1,25,fire ant
what does fire ants bites look like,110,0,0,3640000,"0.52,0.80,0.66,0.52,0.33,0.33,0.42,0.33,0.33,0.42,0.66,0.66",1,39,fire ant
what is a fire ant,110,0.15,0.04,0,"0.28,0.81,0.34,0.43,0.81,0.34,0.28,0.21,0.21,0.34,0.21,0.34",1,46,fire ant
how to rid of german cockroaches,720,0.95,0.97,1670000,"1.00,1.00,0.76,0.45,0.20,0.16,0.20,0.36,0.36,0.36,0.45,0.76",1,11,german cockroach
how to get rid of german cockroaches,590,1.27,1,2690000,"0.72,1.00,0.72,0.48,0.39,0.39,0.39,0.48,0.59,0.59,0.72,1.00",1,8,german cockroach
how do you get rid of german cockroaches,480,1.27,1,1760000,"1.00,1.00,0.30,0.30,0.24,0.16,0.16,0.20,0.16,0.16,0.20,0.36",1,8,german cockroach
how to exterminate german cockroaches,480,1.27,1,1150000,"0.16,1.00,0.76,0.45,0.20,0.16,0.20,0.24,0.24,0.16,0.20,0.36",1,13,german cockroach
how do i get rid of german cockroaches,320,0.95,0.97,1550000,"0.39,0.32,0.21,0.26,0.17,0.26,0.21,0.32,0.32,0.21,0.26,0.48",1,9,german cockroach
how to rid german cockroaches,320,1.27,1,1830000,"0.39,0.32,0.21,0.26,0.17,0.26,0.21,0.26,0.32,0.17,0.32,0.48",1,13,german cockroach
how do you kill german cockroaches,140,1.23,1,1680000,"0.80,0.65,0.80,0.53,0.34,0.26,0.19,0.26,0.42,0.53,0.65,0.80",1,12,german cockroach
how to eliminate german cockroaches,140,1.23,1,1120000,"0.80,0.80,0.65,0.53,0.34,0.26,0.34,0.26,0.34,0.53,0.65,0.53",1,6,german cockroach
how to kill german cockroaches,140,0,0,224,"1.00,1.00,0.80,0.52,0.52,0.33,0.33,0.23,0.33,0.66,0.80,1.00",1,15,german cockroach
how to control german cockroaches,110,1.23,1,3530000,"0.42,0.66,0.52,0.52,0.33,0.42,0.42,0.42,0.52,0.66,0.80,0.66",1,11,german cockroach
how to get rid of german cockroach,90,0.95,0.97,1980000,"0.22,0.29,0.35,0.22,0.10,0.10,0.08,0.14,0.14,0.14,0.18,0.35",1,14,german cockroach
how to get rid of german cockroaches australia,90,1.18,1,226,"0.53,0.53,0.34,0.28,0.28,0.15,0.09,0.06,0.15,0.21,0.43,0.53",1,5,german cockroach
can a german cockroach fly,70,0,0,166,"0.52,0.33,0.33,0.19,0.19,0.09,0.14,0.23,0.33,0.52,0.80,1.00",1,16,german cockroach
can german cockroaches fly,70,0,0,1420000,"0.52,0.33,0.33,0.19,0.19,0.09,0.14,0.23,0.33,0.66,0.66,1.00","1,0",35,german cockroach
do german cockroaches fly,70,0,0,1400000,"0.42,0.33,0.33,0.19,0.19,0.09,0.14,0.23,0.42,0.66,0.80,1.00",1,21,german cockroach
what is a german cockroach,70,0.72,0.05,7180000,"0.09,1.00,0.52,0.09,0.09,0.09,0.09,0.09,0.52,0.52,0.52,0.80",1,16,german cockroach
what does a german cockroach look like,50,0,0.33,0,"0.18,1.00,0.18,0.18,0.18,0.18,0.18,0.18,0.18,1.00,1.00,1.00",,0,german cockroach
what does german cockroaches look like,40,0,0.33,0,"0.07,0.42,0.07,0.07,0.07,0.07,0.07,0.07,0.07,0.03,0.07,0.42",,0,german cockroach
what is german cockroach,40,0.27,0.33,0,"0.14,0.78,0.78,0.14,0.14,0.14,0.14,0.07,0.07,0.07,0.14,0.78",,0,german cockroach
do german cockroaches bite,30,0,0.33,0,"0.27,0.27,0.27,0.18,0.18,0.18,0.18,0.18,0.18,0.18,0.27,0.45",,0,german cockroach
how do german cockroaches get in your house,30,0,0.33,0,"1.00,0.71,0.42,0.28,0.28,0.28,0.28,0.28,0.42,0.28,0.42,0.42",,0,german cockroach
how to get rid of german cockroaches naturally,30,0,0.99,0,"0.42,1.00,0.28,0.28,0.28,0.28,0.28,0.28,0.28,0.28,0.28,0.42",,0,german cockroach
what are german cockroaches,30,0.27,0.33,0,"0.40,1.00,0.80,0.60,0.20,0.20,0.20,0.20,0.20,0.80,1.00,1.00",,0,german cockroach
what do german cockroaches look like,30,0,0.33,0,"0.60,0.60,0.80,0.80,0.40,0.40,0.40,0.40,0.80,1.00,1.00,1.00",,0,german cockroach
what is cockroach in german,30,0,0.33,0,"0.41,0.00,0.11,1.00,0.11,0.11,0.00,0.11,0.11,0.11,0.11,0.11",,0,german cockroach
are american cockroaches bad,20,0,0.33,0,"0.66,0.66,0.66,0.66,0.66,0.00,0.00,0.66,0.66,0.66,0.66,0.66",,0,american cockroach
can american cockroaches fly,20,0,0.33,0,"0.28,0.28,0.28,0.28,0.28,0.28,0.28,0.28,0.28,0.28,0.28,0.28",,0,american cockroach
do american cockroaches bite,20,0,0.33,0,"0.66,0.66,0.66,0.66,0.00,0.00,0.00,0.66,0.66,0.66,0.66,0.66",,0,american cockroach
do american cockroaches fly,20,0,0.33,0,"0.11,0.11,0.11,0.11,0.11,0.11,0.11,0.11,0.11,0.11,0.11,0.11",,0,american cockroach
does american cockroach fly,20,0,0.33,0,"0.50,0.50,0.50,0.50,0.50,0.50,0.50,0.50,0.50,0.50,0.50,0.50",,0,american cockroach
how do i get rid of american cockroach,20,0.66,0.86,0,"0.66,0.66,0.66,0.66,0.66,0.66,0.66,0.66,0.66,0.66,0.66,0.66",,0,american cockroach
how do i get rid of american cockroaches,20,1.19,0.33,0,"0.66,0.66,0.66,0.66,0.66,0.66,0.66,0.66,0.66,0.66,0.66,0.66",,0,american cockroach
how do you kill american cockroaches,20,0,0.89,0,"0.66,0.66,0.66,0.66,0.66,0.66,0.66,0.66,0.66,0.66,0.66,0.66",,0,american cockroach
how long do american cockroaches live,20,0,0.33,0,"0.66,0.66,0.66,0.66,0.66,0.66,0.66,0.66,0.66,0.66,0.66,0.66",,0,american cockroach
how long does an american cockroach live,20,0,0.33,0,"0.66,0.66,0.66,0.66,0.66,0.66,0.66,0.66,0.66,0.66,0.66,0.66",,0,american cockroach
how to get rid of american cockroach,20,1.19,0.33,0,"0.07,0.07,0.07,0.07,0.07,0.07,0.07,0.07,0.07,0.07,0.07,0.07",,0,american cockroach
is american cockroach dangerous,20,0,0,0,"0.00,1.00,0.00,1.00,1.00,1.00,1.00,1.00,1.00,1.00,1.00,0.00",,0,american cockroach
what are american cockroaches,20,0,0.33,0,"1.00,1.00,1.00,1.00,1.00,0.00,0.00,1.00,1.00,1.00,1.00,1.00",,0,american cockroach
what attracts american cockroaches,20,0,0.33,0,"0.28,0.28,0.28,0.28,0.28,0.00,0.00,0.28,0.28,0.28,0.28,0.28",,0,american cockroach
what do american cockroaches eat,20,0,0.33,0,"0.66,0.66,0.66,0.00,0.66,0.66,0.66,0.00,0.66,0.66,0.66,0.66",,0,american cockroach
what do american cockroaches look like,20,0,0.33,0,"0.66,0.66,0.66,0.66,0.66,0.66,0.00,0.00,0.66,0.66,0.66,0.66",,0,american cockroach
what does american cockroach look like,20,0,0.33,0,"1.00,0.25,0.25,0.50,0.50,0.50,0.00,0.00,0.50,0.50,0.50,0.50",,0,american cockroach
what does an american cockroach look like,20,0,0.33,0,"0.66,0.66,0.66,0.66,0.66,0.66,0.00,0.00,0.66,0.66,0.66,0.66",,0,american cockroach
where do american cockroaches come from,20,0,0.33,0,"0.66,0.66,0.66,0.00,0.66,0.66,0.00,0.00,0.66,0.66,0.66,0.66",,0,american cockroach
where do american cockroaches live,20,0,0.33,0,"0.66,0.66,0.66,0.66,0.66,0.00,0.66,0.66,0.66,0.66,0.66,0.66",,0,american cockroach
are american cockroaches attracted to light,10,0,0,0,"1.00,0.00,0.00,1.00,0.00,0.00,0.00,0.00,1.00,1.00,0.00,0.00",,0,american cockroach
are american cockroaches dangerous,10,0,0.33,0,"0.66,0.66,0.00,0.66,0.00,0.00,0.66,0.00,0.00,0.66,0.00,0.66",,0,american cockroach
are american cockroaches hard to get rid of,10,0,0.05,0,"0.50,0.50,0.00,0.50,0.00,0.00,0.00,0.50,0.50,0.50,0.50,0.50",,0,american cockroach
are american cockroaches harmful,10,0,0.33,0,"0.00,1.00,0.00,0.00,0.00,0.00,0.00,0.00,1.00,0.00,1.00,0.00",,0,american cockroach
are american cockroaches invasive,10,0,0.33,0,"1.00,1.00,0.00,0.00,0.00,1.00,1.00,1.00,1.00,0.00,1.00,1.00",,0,american cockroach
what do cockroach eggs look like,320,0,0,136,"0.66,0.66,0.81,0.44,0.28,0.28,0.23,0.35,0.44,0.54,0.81,1.00",1,9,cockroach eggs
do cockroaches lay eggs,140,0,0,132,"0.13,0.13,0.13,0.06,0.05,0.05,0.03,0.06,0.08,0.13,0.13,0.16",1,7,cockroach eggs
how long does a cockroach egg take to hatch,90,0,0,730000,"1.00,0.78,0.64,0.50,0.35,0.35,0.35,0.35,0.50,0.64,0.64,0.78",1,28,cockroach eggs
how long does it take a cockroach egg to hatch,90,0,0,688000,"1.00,0.78,0.64,0.50,0.35,0.35,0.35,0.35,0.50,0.64,0.64,0.78",1,13,cockroach eggs
how long does it take cockroach eggs to hatch,90,0,0,118,"1.00,0.78,0.64,0.50,0.35,0.35,0.35,0.35,0.50,0.64,0.64,0.78",1,17,cockroach eggs
how long does it take for cockroach eggs to hatch,90,0,0,1080000,"1.00,1.00,0.81,0.63,0.45,0.45,0.45,0.45,0.63,0.81,1.00,1.00",1,21,cockroach eggs
how long do cockroach eggs take to hatch,70,0,0,1100000,"1.00,0.81,0.81,0.45,0.45,0.45,0.45,0.45,0.45,1.00,0.81,1.00",1,28,cockroach eggs
does cockroach spray kill eggs,50,0,0.33,0,"0.14,0.14,1.00,1.00,0.14,1.00,0.14,0.14,0.00,0.00,0.50,0.14",,0,cockroach eggs
how many cockroaches in an egg,50,0,0.33,129,"1.00,1.00,1.00,0.36,0.27,0.18,0.18,0.18,0.45,0.27,0.45,1.00",1,26,cockroach eggs
what does cockroach eggs look like,50,0,0.33,0,"0.35,0.35,0.35,0.28,0.21,0.21,0.07,0.35,0.35,0.50,0.78,1.00",,0,cockroach eggs
where do cockroaches lay eggs,50,0,0.33,134,"0.52,0.52,0.23,0.23,0.09,0.09,0.14,0.14,0.23,0.19,0.33,0.52",1,11,cockroach eggs
how many eggs can a cockroach lay in a day,40,0,0.33,0,"0.71,0.71,0.71,0.42,0.28,0.28,0.28,0.42,0.42,0.42,0.57,0.71",,0,cockroach eggs
how to kill cockroach eggs,40,0,0,0,"1.00,1.00,0.40,0.40,0.40,0.40,0.60,0.60,0.80,1.00,0.80,1.00",,0,cockroach eggs
how do you get rid of cockroach eggs,30,0,0.38,0,"0.23,0.11,0.11,0.82,0.23,0.11,0.11,0.11,0.11,0.11,0.00,0.11",,0,cockroach eggs
how do you kill cockroach eggs,30,0,0.33,0,"0.18,1.00,0.18,0.18,0.18,0.18,0.18,0.18,0.18,0.18,0.18,0.18",,0,cockroach eggs
how many eggs cockroach lay,30,0,0.33,0,"0.40,0.40,0.40,0.40,0.40,0.60,0.60,0.80,0.60,0.60,0.40,0.40",,0,cockroach eggs
how many eggs do cockroaches lay,30,0,0.33,0,"0.57,0.71,0.57,0.42,0.14,0.28,0.14,0.42,0.57,0.57,0.42,0.71",,0,cockroach eggs
how many eggs does a cockroach lay,30,0,0.33,0,"0.27,1.00,0.18,0.18,0.18,0.18,0.18,0.18,0.18,0.27,0.18,0.18",,0,cockroach eggs
how often does cockroaches lay eggs,30,0,0.33,0,"0.11,0.11,1.00,0.11,0.11,0.11,0.11,0.11,0.11,0.11,0.11,0.11",,0,cockroach eggs
how often to cockroaches lay eggs,30,0,0.33,0,"0.18,0.63,0.18,0.18,1.00,0.18,0.00,0.00,0.18,0.00,0.18,0.18",,0,cockroach eggs
how to destroy cockroach eggs,30,0,0.33,0,"0.18,1.00,0.18,0.18,0.18,0.18,0.18,0.18,0.18,0.18,0.18,0.18",,0,cockroach eggs
how to get rid of cockroach eggs,30,1,0.33,0,"0.55,0.55,0.44,0.33,0.22,0.22,0.22,0.22,0.22,0.22,0.33,0.44",,0,cockroach eggs
what do cockroaches eggs look like,30,0,0.33,0,"0.09,0.09,0.18,0.09,0.09,0.27,0.18,0.36,0.27,0.45,0.45,0.45",,0,cockroach eggs
are cockroach eggs dangerous,20,0,0.33,0,"0.18,0.18,0.18,0.18,0.18,0.18,0.18,0.18,0.18,0.18,0.18,0.18",,0,cockroach eggs
are cockroach eggs visible,20,0,0.33,0,"0.66,0.66,0.00,0.66,0.66,0.66,0.00,0.66,0.66,0.66,0.66,0.66",,0,cockroach eggs
what do mouse droppings look like,390,0,0,4520000,"0.54,0.66,0.66,1.00,0.66,0.29,0.36,0.36,0.44,0.66,0.81,1.00",1,18,mouse droppings
what does mouse droppings look like,70,0,0,3550000,"0.23,1.00,0.33,0.42,0.33,0.33,0.23,0.19,0.23,0.23,0.23,0.52",1,21,mouse droppings
how to clean mouse droppings and urine,30,0,0,0,"0.14,0.14,1.00,0.14,0.00,0.00,0.14,0.14,0.14,0.14,0.00,0.14",,0,mouse droppings
what do rat and mouse droppings look like,30,0,0.33,0,"0.18,0.18,1.00,0.81,0.18,0.18,0.18,0.00,0.18,0.00,0.18,0.18",,0,mouse droppings
are mouse droppings dangerous,20,0,0.33,0,"0.22,0.22,0.22,0.22,0.22,0.22,0.22,0.22,0.22,0.22,0.22,0.22",,0,mouse droppings
are mouse droppings hard,20,0,0.33,0,"0.66,0.66,0.00,0.66,0.66,0.66,0.00,0.66,0.66,0.66,0.66,0.66",,0,mouse droppings
are mouse droppings hard or soft,20,0,0.33,0,"0.50,0.50,0.50,0.50,0.50,0.50,0.50,0.00,0.00,0.50,0.50,0.50",,0,mouse droppings
are mouse droppings harmful,20,0,0.33,0,"1.00,1.00,1.00,1.00,1.00,1.00,1.00,1.00,1.00,1.00,1.00,1.00",,0,mouse droppings
are mouse droppings poisonous,20,0,0.33,0,"1.00,1.00,1.00,1.00,1.00,1.00,1.00,1.00,1.00,1.00,1.00,1.00",,0,mouse droppings
are mouse droppings toxic,20,0,0.33,0,"0.66,0.66,0.00,0.66,0.00,0.66,0.00,0.66,0.66,0.66,0.66,0.66",,0,mouse droppings
are old mouse droppings dangerous,20,0,0.33,0,"0.66,0.66,0.66,0.66,0.66,0.66,0.66,0.66,0.66,0.66,0.66,0.66",,0,mouse droppings
can mouse droppings kill you,20,0,0.33,0,"1.00,1.00,1.00,1.00,1.00,1.00,1.00,0.00,0.00,1.00,1.00,1.00",,0,mouse droppings
can mouse droppings make you sick,20,0,0.01,0,"0.66,0.66,0.66,0.66,0.66,0.66,0.66,0.66,0.66,0.66,0.66,0.66",,0,mouse droppings
can you get sick from cleaning up mouse droppings,20,0,0.33,0,"1.00,1.00,1.00,1.00,1.00,0.00,1.00,0.00,1.00,0.00,1.00,1.00",,0,mouse droppings
can you get sick from mouse droppings,20,0,0.33,0,"0.40,0.40,0.40,0.40,0.40,0.40,0.40,0.40,0.40,0.40,0.40,0.40",,0,mouse droppings
do mouse droppings carry disease,20,0,0.33,0,"0.00,0.11,0.00,0.11,0.11,0.11,0.11,0.11,0.11,0.11,0.11,0.11",,0,mouse droppings
do mouse droppings smell,20,0,0.33,0,"0.28,0.28,0.28,0.28,0.28,0.28,0.28,0.28,0.28,0.28,0.28,0.28",,0,mouse droppings
does vinegar disinfect mouse droppings,20,0,0.33,0,"0.28,0.28,0.28,0.28,0.28,0.28,0.28,0.28,0.28,0.00,0.28,0.28",,0,mouse droppings
how big are mouse droppings,20,0,0.33,0,"0.66,0.66,0.66,0.66,0.66,0.66,0.66,0.66,0.66,0.66,0.66,0.66",,0,mouse droppings
how big are rat droppings compared to mouse droppings,20,0,0.33,0,"0.66,0.66,0.66,0.66,0.66,0.66,0.66,0.00,0.66,0.66,0.66,0.66",,0,mouse droppings
how big is mouse droppings,20,0,0.33,0,"0.18,0.18,0.18,0.18,0.18,0.18,0.18,0.18,0.18,0.18,0.18,0.18",,0,mouse droppings
how dangerous are mouse droppings,20,0,0.33,0,"0.14,0.14,0.14,0.14,0.14,0.14,0.14,0.14,0.14,0.14,0.14,0.14",,0,mouse droppings
how dangerous is mouse droppings,20,0,0.33,0,"0.66,0.66,0.66,0.66,0.66,0.66,0.66,0.66,0.66,0.66,0.66,0.66",,0,mouse droppings
how do i clean up mouse droppings,20,0,0.33,0,"0.50,0.50,0.50,0.50,0.50,0.50,0.50,0.50,0.50,0.50,0.50,0.50",,0,mouse droppings
how do i drag and drop without a mouse,20,0,0.33,0,"0.66,0.66,0.66,0.66,0.00,0.66,0.66,0.66,0.66,0.66,0.66,0.66",,0,mouse droppings
do possums eat rat poison,170,0,0,0,"0.65,0.53,1.00,0.65,0.65,0.42,0.53,0.53,0.53,0.53,0.65,0.80",1,9,rat poison
will a possum eat rat poison,170,0,0,332000,"0.80,0.80,0.80,0.80,0.65,0.65,0.65,0.53,0.53,0.65,0.53,0.80",1,9,rat poison
will possums eat rat poison,170,0,0,92300,"0.35,0.35,0.66,0.43,0.43,0.28,0.35,0.35,0.35,0.35,0.43,0.53",1,12,rat poison
how long does it take rat poison to work,140,0,0.01,66000000,"0.52,0.52,1.00,1.00,0.66,0.52,0.42,0.66,0.52,0.52,0.52,0.52",1,12,rat poison
how long does rat poison take to work,140,0,0.01,66000000,"0.34,0.43,0.81,0.81,0.53,0.43,0.34,0.53,0.34,0.43,0.43,0.53",1,16,rat poison
what are the first signs of rat poison in dogs,140,0,0.02,3940000,"0.53,0.65,1.00,0.80,0.53,0.53,0.53,0.53,0.42,0.34,0.34,0.34",1,19,rat poison
how long does it take for rat poison to work,110,0,0.01,42600000,"0.52,0.66,0.66,1.00,0.66,0.52,0.42,0.52,0.33,0.52,0.66,0.66",1,18,rat poison
what happens if a dog eats rat poison,110,0.83,0.05,2630000,"0.28,0.34,0.34,0.34,0.28,0.34,0.28,0.34,0.53,0.43,0.28,0.28",1,13,rat poison
can rat poison kill a possum,90,0,0.01,340000,"0.50,0.78,1.00,0.78,0.50,0.50,0.64,0.50,0.50,0.64,0.64,0.64",1,8,rat poison
can rat poison kill possums,90,0,0.01,0,"0.50,0.78,1.00,0.78,0.50,0.50,0.64,0.50,0.50,0.64,0.64,0.64",1,10,rat poison
do rat poison kill possums,90,0,0.01,173000,"0.41,0.64,0.82,0.64,0.41,0.41,0.52,0.41,0.41,0.52,0.52,0.52",1,15,rat poison
does rat poison kill possums,90,0,0.01,123,"0.50,1.00,0.78,0.78,0.50,0.50,0.64,0.64,0.64,0.50,0.50,0.64",1,7,rat poison
how does rat poison work,90,0,0.02,44800000,"0.64,0.82,0.82,0.82,0.52,0.64,0.52,0.41,0.41,0.52,0.52,0.41",1,17,rat poison
how does rat poison work on rats,90,0,0.02,18300000,"1.00,1.00,1.00,1.00,0.63,1.00,0.63,0.63,1.00,0.81,0.81,1.00",1,15,rat poison
what does rat poison look like,90,0,0,30300000,"0.63,0.63,0.63,0.81,0.63,0.81,0.81,1.00,1.00,1.00,0.81,1.00",1,39,rat poison
what happens if a dog eats a poisoned rat,90,1.4,0.05,2290000,"0.63,0.63,0.63,0.81,0.81,1.00,0.63,0.63,0.63,0.63,0.63,0.63",1,19,rat poison
what to do if dog eats rat poison,90,0.68,0.21,0,"0.52,0.41,0.41,0.64,0.41,0.41,0.52,0.52,0.64,0.23,0.52,0.41",1,22,rat poison
will rat poison kill a possum,90,0,0.01,350000,"0.50,1.00,0.78,0.78,0.50,0.50,0.64,0.64,0.50,0.50,0.50,0.64",1,8,rat poison
how to get rid of rats without poison,50,0.79,1,202,"0.01,0.04,0.03,0.03,0.02,0.04,0.04,0.01,0.02,0.04,0.03,0.03",1,19,rat poison
what are the first signs of rat poisoning in dogs,50,0,0.02,3160000,"1.00,0.18,0.18,0.18,1.00,1.00,1.00,0.00,0.00,0.81,0.81,0.81",1,16,rat poison
what would rat poison do to a human,50,0,0.33,0,"0.14,0.64,0.14,0.64,0.14,0.14,0.78,1.00,0.14,0.14,0.14,0.14",,0,rat poison
does rat poison kill,40,0,0.33,0,"0.78,0.14,0.14,1.00,0.14,0.14,0.14,0.14,0.14,0.14,0.14,0.14",,0,rat poison
how long does rat poison take to show in dogs,40,0,0.33,0,"1.00,0.80,1.00,0.80,1.00,0.60,0.60,0.80,1.00,0.80,0.60,0.40",,0,rat poison
is strychnine still used in rat poison,40,0,0.33,0,"0.82,0.00,0.52,0.00,0.00,0.00,1.00,0.11,0.11,0.00,0.00,0.11",,0,rat poison
what to do if your dog eats rat poison,40,1.43,0.33,0,"0.50,0.50,0.50,0.50,0.14,0.21,0.21,0.14,0.35,0.21,0.14,0.21",,0,rat poison
how do you trap a rat,170,0.58,0.93,125,"0.80,0.65,1.00,1.00,0.80,0.42,0.53,0.53,0.53,0.65,0.65,0.65",1,20,rat trap
how to trap a rat,170,0.58,0.93,67100000,"0.80,0.80,1.00,0.80,0.80,0.53,0.53,0.42,0.53,0.65,0.65,0.65",1,21,rat trap
how do i set a rat trap,90,0,0.16,125,"0.63,0.81,1.00,1.00,0.81,0.63,0.81,0.45,0.63,0.81,0.63,1.00",1,39,rat trap
how do you set a rat trap,90,0,0.16,47900000,"0.63,0.81,1.00,1.00,0.81,0.63,0.81,0.45,0.63,0.81,0.63,1.00",1,41,rat trap
how do you set up a rat trap,90,0,0.2,57400000,"0.63,0.81,1.00,1.00,0.81,0.63,0.81,0.45,0.63,0.81,0.63,1.00",1,40,rat trap
how set rat trap,90,0,0.16,32100000,"0.09,0.12,0.15,0.15,0.12,0.09,0.12,0.06,0.09,0.12,0.09,0.15",1,36,rat trap
how to set a rat trap,90,0,0.16,0,"0.41,0.64,0.82,0.64,0.64,0.52,0.64,0.29,0.41,0.64,0.41,0.82",1,31,rat trap
how to set up a rat trap,90,0,0.2,55700000,"0.50,0.78,0.64,0.78,0.64,0.50,0.64,0.35,0.50,0.64,0.50,0.78",1,31,rat trap
what to put on a rat trap,90,0,0.07,75900000,"0.78,0.78,1.00,1.00,0.64,0.64,0.50,0.35,0.50,0.14,0.50,0.28",1,6,rat trap
are there humane rat traps that capture rats alive,70,0,0,5690000,"0.63,0.63,0.63,0.63,0.81,1.00,0.63",0,8,rat trap
do electric rat traps work on big rats,70,0,0,2070000,"0.00,0.63,0.63,0.63,0.81,0.81,1.00,0.81",1,0,rat trap
how to set rat trap,70,0,0.16,34800000,"0.63,1.00,0.63,1.00,0.63,0.63,0.81,0.18,0.18,1.00,0.18,0.81",1,39,rat trap
what to put in a rat trap,70,0,0.07,80000000,"0.50,0.64,0.50,0.50,0.78,0.50,0.50,0.35,0.50,0.50,0.50,0.50",1,15,rat trap
where should i place rat traps around my home,70,0,0,229,"0.63,0.63,0.63,0.81,1.00,1.00,0.81",1,12,rat trap
are electronic rodent traps effective against rats and mice,50,0,0,0,"0.00,0.00,0.00,0.77,0.77,0.77,0.77,0.77,1.00,0.77",,0,rat trap
are pestrol rat traps reliable,50,0,0,9370,"0.00,1.00,1.00,1.00,1.00,1.00,1.00,0.71","1,0",17,rat trap
how do you make a rat trap,50,0,0.87,57000000,"0.18,1.00,1.00,1.00,0.18,0.18,0.18,0.18,0.18,0.18,0.18,1.00",1,36,rat trap
how to build rat traps,50,0,0.87,0,"0.18,1.00,1.00,1.00,0.18,0.18,0.18,0.18,0.18,0.18,0.18,1.00",1,39,rat trap
how to make a rat trap,50,0,0.61,61100000,"0.11,0.64,0.64,0.64,0.11,0.11,0.11,0.11,0.11,0.11,0.29,0.64",1,39,rat trap
what is the best bait for a rat trap,50,0.32,0.66,0,"0.18,0.18,0.18,1.00,0.18,0.27,0.27,0.18,0.27,0.27,1.00,1.00",,0,rat trap
what is a good bait for a rat trap,40,0.32,0.66,0,"0.18,0.18,0.18,1.00,0.18,0.18,0.18,0.18,0.18,0.18,1.00,1.00",,0,rat trap
what is good bait for rat traps,40,0.32,0.66,0,"0.09,0.09,0.09,0.33,0.09,0.09,0.09,0.09,0.09,0.09,0.42,0.42",,0,rat trap
how does a rat trap car work,30,0,0.33,0,"0.18,0.18,0.18,1.00,0.18,0.18,0.18,0.18,0.18,0.18,0.18,0.18",,0,rat trap
how to trap rats,30,0.6,0.95,0,"0.23,0.09,0.14,0.04,0.09,0.09,0.14,0.14,0.14,0.14,0.09,0.09",,0,rat trap
what is the best bait for rat traps,30,0.32,0.66,0,"0.00,0.11,0.22,0.77,0.22,0.22,0.00,0.22,0.22,0.22,1.00,1.00",,0,rat trap
are huntsman spiders venomous,1900,0.05,0.01,603000,"0.66,0.52,0.36,0.27,0.20,0.27,0.24,0.36,0.66,0.66,0.66,0.80","1,0",20,huntsman spider
are huntsman spiders dangerous,1300,0.03,0.01,804000,"0.44,0.36,0.24,0.16,0.07,0.13,0.16,0.27,0.44,0.36,0.36,0.52",1,21,huntsman spider
do huntsman spiders bite,1300,0.02,0.01,954000,"0.55,0.44,0.30,0.24,0.13,0.20,0.20,0.44,0.55,0.55,0.65,0.82",1,21,huntsman spider
can huntsman spiders bite,880,0.03,0.03,144,"0.52,0.46,0.31,0.37,0.25,0.31,0.20,0.52,0.68,0.68,0.68,0.84",1,9,huntsman spider
what do huntsman spiders eat,590,0.77,0.02,144,"0.67,0.55,0.36,0.30,0.16,0.20,0.20,0.30,0.45,0.55,0.55,0.67",1,24,huntsman spider
are huntsman spider dangerous -ai,480,0.02,0.03,0,"0.72,0.59,0.39,0.26,0.14,0.21,0.26,0.48,0.72,0.59,0.59,0.00",1,20,huntsman spider
do huntsman spiders make webs,480,0.82,0.01,126,"0.48,0.48,0.39,0.32,0.21,0.26,0.21,0.39,0.72,0.88,0.72,1.00",1,29,huntsman spider
how long do huntsman spiders live,480,0.98,0.01,140,"1.00,0.81,0.54,0.36,0.29,0.29,0.29,0.44,0.67,0.67,0.81,1.00",1,28,huntsman spider
are huntsman spiders poisonous,390,0.02,0.02,144,"0.54,0.44,0.23,0.15,0.19,0.19,0.23,0.36,0.67,0.67,0.81,0.81",1,22,huntsman spider
how long does a huntsman spider live,320,0.98,0.01,8870000,"0.54,0.44,0.29,0.19,0.19,0.15,0.23,0.29,0.29,0.54,0.67,1.00",1,28,huntsman spider
what does the huntsman spider eat,320,0.77,0.02,139,"0.44,0.36,0.36,0.29,0.19,0.19,0.19,0.29,0.29,0.44,0.54,0.44",1,20,huntsman spider
do huntsman spiders jump,260,0,0,296000,"0.54,0.66,0.28,0.11,0.11,0.15,0.18,0.35,0.66,0.66,0.66,1.00",1,26,huntsman spider
do huntsman spiders spin webs,260,0.82,0.01,111,"0.17,0.26,0.17,0.14,0.14,0.11,0.14,0.09,0.59,0.48,0.59,1.00",1,25,huntsman spider
can huntsman spiders jump,210,0,0,708000,"0.54,0.66,0.35,0.14,0.14,0.18,0.18,0.35,0.66,0.66,0.81,1.00",1,28,huntsman spider
does huntsman spider jump,210,0,0,123,"0.54,0.35,0.22,0.00,0.14,0.14,0.18,0.43,0.66,0.66,0.81,1.00",1,25,huntsman spider
does the huntsman spider bite,210,0.02,0.01,1430000,"0.00,0.00,0.34,0.30,0.00,0.03,0.08,0.00,0.00,0.00,0.00,1.00",1,29,huntsman spider
how big do huntsman spiders get,210,0,0.01,6870000,"0.43,0.53,0.34,0.28,0.65,0.65,0.65,0.65,1.00,0.81,0.81,0.81",1,44,huntsman spider
is a huntsman spider dangerous,210,0.02,0.02,1390000,"0.43,0.43,0.35,0.28,0.17,0.28,0.28,0.53,0.82,1.00,0.82,0.82",1,24,huntsman spider
can huntsman spiders kill you,170,0,0.01,145,"0.10,0.07,0.05,0.04,0.02,0.03,0.02,0.05,0.08,0.10,0.20,0.20",1,23,huntsman spider
how big can a huntsman spider get,170,0,0,12600000,"0.53,0.53,0.28,0.28,0.53,1.00,0.65,0.65,0.65,0.53,0.81,0.81",1,44,huntsman spider
how big can huntsman spiders get,170,0,0,8680000,"0.08,0.06,0.06,0.06,0.16,0.20,0.10,0.13,0.13,0.13,0.13,0.16",1,46,huntsman spider
how do you get rid of huntsman spiders,170,0.8,0.26,143,"0.81,0.34,0.34,0.21,0.15,0.15,0.21,0.53,0.81,0.65,0.65,0.81",1,2,huntsman spider
how to get rid of huntsman spiders,170,0.8,0.26,1250000,"0.66,0.35,0.18,0.14,0.10,0.18,0.22,0.35,0.54,0.54,0.54,0.43",1,6,huntsman spider
is huntsman spider dangerous,170,0.03,0.03,1480000,"0.43,0.53,0.43,0.34,0.21,0.34,0.34,0.65,1.00,1.00,1.00,1.00",1,23,huntsman spider
are huntsman spider dangerous,140,0.02,0.03,144,"0.28,0.34,0.28,0.15,0.15,0.21,0.15,1.00,0.43,0.43,0.81,0.81",1,11,huntsman spider
are wolf spiders toxic,1300,0.02,0.01,1490000,"0.68,0.84,0.84,0.52,0.31,0.07,0.31,0.68,1.00,0.84,0.00,0.00",1,41,wolf spider
are wolf spiders dangerous,1000,0,0,3380000,"0.81,0.36,0.45,0.45,0.24,0.36,0.45,0.81,0.81,1.00,0.81,0.55",1,30,wolf spider
are wolf spiders poisonous,1000,0,0,1700000,"0.81,0.36,0.55,0.55,0.24,0.45,0.36,0.45,0.81,0.81,0.81,1.00",1,37,wolf spider
are wolf spiders harmful,390,0,0,812000,"0.36,0.45,0.45,0.06,0.20,0.16,0.30,0.30,0.20,0.20,0.36,0.16",1,17,wolf spider
are wolf spider venomous,320,0.02,0.01,125,"0.30,0.24,0.24,0.24,0.20,0.10,0.24,0.30,0.30,0.36,0.05,0.06",1,38,wolf spider
are wolf spiders venomous,260,0,0,1380000,"0.43,0.54,0.54,0.35,0.29,0.35,0.43,0.43,0.81,0.81,0.81,1.00",1,28,wolf spider
are wolf spiders deadly,210,0,0,1650000,"0.43,0.53,0.65,0.65,0.34,0.43,0.43,0.43,0.81,1.00,1.00,1.00",1,46,wolf spider
is a wolf spider dangerous,170,0,0,14600000,"0.53,0.43,0.43,0.34,0.21,0.21,0.34,0.34,0.81,0.65,0.81,1.00",1,43,wolf spider
is the wolf spider deadly,170,0,0,4940000,"0.43,0.34,0.43,0.34,0.21,0.21,0.34,0.65,0.81,0.65,0.81,1.00",1,39,wolf spider
are wolf spider poisonous,140,0.02,0.01,144,"0.03,0.02,0.03,0.02,0.00,0.00,0.01,0.02,1.00,0.13,0.05,0.06",1,28,wolf spider
is a wolf spider deadly,140,0,0,7560000,"0.43,0.34,0.43,0.34,0.28,0.21,0.34,0.28,0.53,0.65,0.81,1.00",1,45,wolf spider
is a wolf spider poisonous,140,0,0.01,0,"0.18,0.29,0.22,0.14,0.10,0.14,0.22,0.35,0.66,0.43,0.54,0.66",1,18,wolf spider
is a wolf spider venomous,140,0,0,12200000,"0.28,0.23,0.17,0.23,0.17,0.17,0.28,0.28,0.53,0.43,0.53,0.66",1,18,wolf spider
is the wolf spider venomous,140,0,0.01,10600000,"0.43,0.34,0.43,0.34,0.21,0.21,0.34,0.28,0.53,0.65,0.81,1.00",1,25,wolf spider
can a wolf spider bite,110,0,0.01,8510000,"0.64,0.52,0.64,0.41,0.29,0.29,0.41,0.64,0.82,0.64,1.00,1.00",1,50,wolf spider
do wolf spiders bite,110,0,0.01,4890000,"0.11,0.11,0.11,0.07,0.05,0.05,0.07,0.11,0.14,0.11,0.17,0.17",1,51,wolf spider
does a wolf spider bite,110,0,0.01,144,"0.42,0.34,0.42,0.26,0.19,0.19,0.26,0.42,0.53,0.42,0.65,0.65",1,49,wolf spider
does the wolf spider bite,110,0,0,5400000,"0.42,0.34,0.42,0.26,0.19,0.19,0.26,0.42,0.53,0.42,0.65,0.65",1,62,wolf spider
will wolf spiders bite,110,0,0.01,0,"0.64,0.52,0.64,0.41,0.29,0.29,0.41,0.64,0.82,0.64,1.00,1.00",1,60,wolf spider
are wolf spiders in australia,90,0,0,4520000,"0.03,0.02,0.02,0.01,0.04,0.02,0.02,0.02,0.04,0.05,0.05,0.05",1,17,wolf spider
are wolf spiders poisonous to dogs,90,0,0.33,0,"0.64,0.50,0.64,0.50,0.28,0.28,0.50,0.28,0.78,0.78,0.78,1.00",1,13,wolf spider
can wolf spiders bite,90,0,0.01,0,"0.41,0.29,0.41,0.52,0.29,0.29,0.41,0.52,0.64,0.64,0.82,1.00",1,39,wolf spider
can wolf spiders kill you,90,0,0,5400000,"0.18,0.18,0.18,0.05,0.03,0.05,0.11,0.18,0.18,0.23,0.18,0.23",1,32,wolf spider
how big is the wolf spider,90,0,0,123,"0.63,0.63,0.45,0.63,0.63,0.45,0.81,0.81,0.81,0.81,1.00,1.00",1,30,wolf spider
how big is wolf spider,90,0,0,85000000,"0.63,0.63,0.63,0.63,0.63,0.45,0.81,1.00,1.00,0.81,0.81,1.00",1,21,wolf spider
are black house spiders poisonous,210,0.02,0.01,125,"0.66,0.53,0.53,0.28,0.23,0.23,0.23,0.43,0.82,0.82,1.00,0.66",1,22,black house spider
are black house spiders dangerous,140,0.15,0.02,124,"0.35,0.28,0.17,0.12,0.12,0.17,0.17,0.28,0.43,0.66,0.82,1.00",1,22,black house spider
are black house spiders venomous,50,0,0.33,2520000,"0.11,0.15,0.11,0.07,0.07,0.07,0.07,0.07,0.19,0.42,0.42,0.42",1,14,black house spider
what does black house spider eat,50,0,0,0,"0.64,0.64,0.41,0.11,0.11,0.00,0.11,0.11,0.11,0.11,0.00,0.11",1,16,black house spider
do black house spiders bite,40,0,0.33,0,"0.57,0.42,0.42,0.28,0.28,0.28,0.28,0.42,0.57,1.00,0.71,1.00",,0,black house spider
how long do black house spiders live,40,0,0.33,0,"0.71,0.42,0.57,0.42,0.28,0.42,0.42,0.42,0.42,0.71,0.71,1.00",,0,black house spider
is a black house spider poisonous,40,0,0.33,0,"0.11,0.11,0.11,0.11,0.11,0.11,0.11,0.17,0.23,0.11,0.64,0.64",,0,black house spider
is the black house spider poisonous,40,0,0.33,0,"0.27,0.18,0.18,0.18,0.18,0.18,0.18,0.18,0.18,0.18,1.00,1.00",,0,black house spider
how to get rid of black house spiders,30,1.09,0.33,0,"0.02,0.02,0.02,0.02,0.02,0.02,0.02,0.02,0.12,0.04,0.05,0.04",,0,black house spider
is black house spider dangerous,30,0,0.33,0,"0.57,0.42,0.28,0.28,0.28,0.28,0.28,0.28,0.57,0.42,0.42,0.42",,0,black house spider
are australian black house spiders poisonous,20,0,0.33,0,"0.66,0.66,0.66,0.66,0.66,0.66,0.66,0.66,0.66,0.66,0.66,1.00",,0,black house spider
are black house spider dangerous,20,0,0.33,0,"0.66,0.66,0.66,0.66,0.00,0.66,0.66,0.66,0.66,0.66,1.00,0.66",,0,black house spider
are black house spiders aggressive,20,0,0.33,0,"1.00,1.00,1.00,1.00,1.00,1.00,1.00,1.00,1.00,1.00,1.00,1.00",,0,black house spider
are black house spiders dangerous to dogs,20,0,0.33,0,"1.00,1.00,1.00,1.00,1.00,1.00,1.00,1.00,1.00,1.00,1.00,1.00",,0,black house spider
are black house spiders deadly,20,0,0.33,0,"0.40,0.40,0.40,0.40,0.40,0.40,0.40,0.40,0.40,0.40,0.40,0.40",,0,black house spider
are black house spiders poisonous to dogs,20,0,0.33,0,"0.66,0.66,0.66,0.66,0.66,0.66,0.66,0.66,0.66,0.66,0.66,0.66",,0,black house spider
are common black house spiders dangerous,20,0,0.33,0,"1.00,1.00,1.00,1.00,1.00,0.00,1.00,1.00,1.00,1.00,1.00,1.00",,0,black house spider
are small black house spiders dangerous,20,0,0.33,0,"0.66,0.66,0.66,0.00,0.66,0.66,0.00,0.66,0.66,0.66,0.66,0.66",,0,black house spider
can a black house spider kill you,20,0,0.33,0,"0.28,0.28,0.28,0.28,0.28,0.28,0.28,0.28,0.28,0.28,0.28,0.28",,0,black house spider
can black house spiders bite,20,0,0.33,0,"1.00,1.00,1.00,1.00,1.00,1.00,1.00,1.00,1.00,1.00,1.00,1.00",,0,black house spider
can black house spiders jump,20,0,0.33,0,"1.00,1.00,1.00,1.00,1.00,0.00,1.00,1.00,1.00,1.00,1.00,1.00",,0,black house spider
can black house spiders kill you,20,0,0.33,0,"0.66,0.66,0.66,0.66,0.00,0.66,0.66,0.66,0.66,0.66,0.66,0.66",,0,black house spider
do black house spiders jump,20,0,0.33,0,"1.00,1.00,1.00,1.00,1.00,1.00,1.00,1.00,1.00,1.00,1.00,1.00",,0,black house spider
do black house spiders live in groups,20,0,0.33,0,"0.66,0.66,0.66,0.66,0.66,0.66,0.66,0.66,0.66,0.66,0.66,1.00",,0,black house spider
how big are black house spiders,20,0,0.33,0,"1.00,1.00,1.00,1.00,1.00,1.00,1.00,1.00,1.00,1.00,1.00,1.00",,0,black house spider
can pest control get rid of mosquitoes,70,1.23,1,8750000,"0.21,0.50,0.35,0.35,0.35,0.64,0.50,0.50,0.64,1.00,0.50,0.50",1,16,mosquito control
how to control mosquitoes,40,0.32,0.99,0,"0.11,0.23,0.29,0.17,0.17,0.41,0.41,0.17,0.11,0.11,0.11,0.17",,0,mosquito control
does mosquito control kill bees,20,0,0.33,0,"1.00,1.00,1.00,0.00,1.00,0.00,1.00,1.00,1.00,0.00,1.00,1.00",,0,mosquito control
does mosquito control work,20,0,0.46,0,"0.66,0.66,0.66,0.00,0.00,0.66,0.66,0.66,0.66,0.66,0.66,0.66",,0,mosquito control
does pest control get rid of mosquitoes,20,0,0.33,0,"0.66,0.66,0.66,0.66,0.66,0.00,0.66,0.66,0.66,0.66,0.66,0.66",,0,mosquito control
does pest control help with mosquitoes,20,0,0.5,0,"1.00,1.00,1.00,0.00,0.00,1.00,1.00,1.00,1.00,1.00,1.00,1.00",,0,mosquito control
does pest control kill mosquitoes,20,0,0.33,0,"0.66,0.66,0.66,0.66,0.66,0.66,0.66,0.66,0.66,0.66,0.66,0.66",,0,mosquito control
does pest control kills mosquitoes,20,0,0,0,"0.25,0.50,0.25,0.25,1.00",,0,mosquito control
how do i control mosquitoes,20,0.59,1,0,"0.66,0.66,0.66,0.66,0.66,0.66,0.66,0.66,0.66,0.66,0.66,0.66",,0,mosquito control
how do you control mosquitoes,20,0.59,1,0,"0.66,0.66,0.66,0.66,0.66,0.66,0.66,0.66,0.66,0.66,0.66,0.66",,0,mosquito control
how to control mosquito in house,20,0.72,1,0,"0.66,0.66,0.66,0.66,0.00,0.66,0.66,0.66,0.66,0.66,0.66,0.66",,0,mosquito control
how to control mosquitoes at home,20,0.38,0.99,0,"0.50,0.50,0.50,0.50,0.00,0.50,0.50,0.50,0.50,0.50,0.50,0.50",,0,mosquito control
how to control mosquitoes in a pond,20,0,0.79,0,"0.66,0.66,0.66,0.66,0.66,0.66,0.66,0.66,0.66,0.66,0.66,0.66",,0,mosquito control
how to control mosquitoes in backyard,20,0.48,1,0,"0.66,0.66,0.66,0.66,0.00,0.00,0.66,0.66,0.66,0.66,0.66,0.66",,0,mosquito control
how to control mosquitoes in home,20,0.72,1,0,"0.66,0.66,0.66,0.66,0.00,0.66,0.66,0.66,0.66,0.66,0.66,0.66",,0,mosquito control
how to control mosquitoes in house,20,0.72,1,0,"0.66,0.66,0.66,0.66,0.00,0.66,0.66,0.66,0.66,0.66,0.66,0.66",,0,mosquito control
how to control mosquitoes in pond,20,0,0.99,0,"0.11,0.11,0.11,0.11,0.11,0.11,0.11,0.11,0.11,0.11,0.11,0.11",,0,mosquito control
how to control mosquitoes in the backyard,20,0.48,1,0,"0.66,0.66,0.66,0.66,0.00,0.00,0.66,0.66,0.66,0.66,0.66,0.66",,0,mosquito control
how to control mosquitoes in yard,20,0.4,0.99,0,"0.09,0.09,0.09,0.09,0.00,0.00,0.09,0.09,0.09,0.09,0.09,0.09",,0,mosquito control
how to control mosquitoes indoors,20,0.57,0.99,0,"0.66,0.66,0.66,0.66,0.66,0.66,0.66,0.66,0.66,0.66,0.66,0.66",,0,mosquito control
how to control mosquitoes inside the house,20,0.72,1,0,"0.66,0.66,0.66,0.66,0.00,0.66,0.66,0.66,0.66,0.66,0.66,0.66",,0,mosquito control
how to control mosquitoes outside,20,0.4,0.99,0,"0.28,0.28,0.28,0.28,0.00,0.00,0.28,0.28,0.28,0.28,0.28,0.28",,0,mosquito control
is mosquito control safe,20,0,0.33,0,"1.00,0.00,1.00,0.00,1.00,0.00,1.00,1.00,1.00,1.00,1.00,1.00",,0,mosquito control
what are 3 common methods to control mosquitoes,20,0,0.33,0,"0.00,0.55,1.00,0.11,0.11,0.00,0.44,0.11,0.22,0.00,0.00,0.22",,0,mosquito control
what works best for mosquito control,20,0,0.99,0,"0.00,0.27,0.27,0.18,0.27,0.27,0.27,0.18,0.18,0.18,0.18,0.18",,0,mosquito control
how can you get rid of a mosquito bite,1000,0.24,0.09,0,"0.81,0.81,0.81,0.36,0.13,0.10,0.16,0.45,0.62,0.81,1.00,1.00",,0,mosquito bite
how to get rid of mosquito bites,880,0.16,0.13,15200000,"0.36,0.66,0.36,0.02,0.07,0.07,0.08,0.24,0.30,0.41,0.54,0.41",1,61,mosquito bite
how do you get rid of mosquito bites,720,0.17,0.17,149,"0.68,0.52,0.25,0.16,0.07,0.07,0.11,0.07,0.07,0.68,0.84,0.84",1,71,mosquito bite
how to stop mosquito bites from itching,720,0.16,0.42,147,"0.24,0.27,0.16,0.10,0.04,0.03,0.04,0.16,0.36,0.44,0.24,0.36",1,42,mosquito bite
how can i get rid of mosquitoes bites,480,0.16,0.13,1690000,"0.55,0.55,0.55,0.24,0.08,0.06,0.00,0.00,0.00,0.00,0.00,1.00",1,67,mosquito bite
how do i stop mosquito bites from itching,480,0.16,0.42,2650000,"0.00,0.00,0.00,0.00,0.00,0.00,0.07,0.20,0.55,0.55,0.82,1.00",1,43,mosquito bite
how long do mosquito bites last,480,0.02,0.02,37900000,"0.72,0.59,0.59,0.21,0.14,0.14,0.14,0.32,0.39,0.59,0.48,0.59",1,43,mosquito bite
how long should mosquito bites last,480,0.02,0.02,30000000,"0.13,0.24,0.55,0.20,0.10,0.08,0.08,0.20,0.36,0.36,0.76,0.55",1,43,mosquito bite
how to get get rid of mosquito bites,480,0.16,0.13,4500000,"0.55,0.55,0.55,0.24,0.08,0.06,0.00,0.00,0.00,0.00,0.00,1.00",1,54,mosquito bite
how to get rid of mosquito bites overnight,480,0.18,0.74,1540000,"0.67,0.55,0.45,0.13,0.06,0.08,0.08,0.13,0.10,0.36,0.06,0.24",1,49,mosquito bite
how to remove mosquito bites,480,0.17,0.17,13700000,"0.30,0.45,0.10,0.16,0.08,0.06,0.13,0.08,0.08,0.81,1.00,1.00",1,60,mosquito bite
when to worry about a mosquito bite,480,0.05,0.02,56700000,"0.55,0.67,0.55,0.16,0.08,0.08,0.06,0.16,0.20,0.20,0.30,0.30",1,75,mosquito bite
why do mosquitoes bite me,480,0.03,0.15,12300000,"0.37,0.37,0.37,0.16,0.08,0.05,0.07,0.16,0.25,0.37,0.46,0.37",1,46,mosquito bite
why does it itch when a mosquito bites,480,0.02,0.08,4700000,"0.39,0.32,0.72,0.26,0.14,0.11,0.09,0.26,0.48,0.48,1.00,1.00",1,56,mosquito bite
do mosquitoes bite dogs,390,0.37,0.01,129,"0.30,0.36,0.30,0.20,0.08,0.08,0.08,0.24,0.30,0.36,0.55,0.45",1,24,mosquito bite
how do you get rid of mosquito bites overnight,390,0.18,0.74,386000,"0.39,0.32,0.48,0.21,0.09,0.11,0.11,0.26,0.39,0.39,0.14,0.26",1,65,mosquito bite
how do you treat mosquito bites,390,0.16,0.32,15700000,"0.30,0.24,0.55,0.16,0.06,0.05,0.06,0.20,0.30,0.36,0.67,0.55",1,56,mosquito bite
how long can a mosquito bite last,390,0.02,0.02,32800000,"0.13,0.24,0.55,0.20,0.10,0.08,0.08,0.20,0.36,0.36,0.76,0.55",1,53,mosquito bite
how long will mosquito bites last,390,0.02,0.02,34300000,"0.13,0.24,0.55,0.20,0.10,0.08,0.08,0.08,0.16,0.13,0.30,0.55",1,40,mosquito bite
how to cure mosquito bites,390,0.16,0.27,5170000,"0.32,0.48,0.72,0.14,0.09,0.07,0.09,0.17,0.26,0.48,0.88,0.72",1,58,mosquito bite
how to get rid of mosquito bites in a day,390,0.18,0.74,12900000,"0.39,0.32,0.48,0.21,0.09,0.11,0.11,0.26,0.39,0.39,0.14,0.26",1,49,mosquito bite
how to heal mosquito bites,390,0.16,0.32,3740000,"0.36,0.36,0.20,0.10,0.05,0.16,0.06,0.16,0.20,0.36,0.67,0.55",1,51,mosquito bite
how to soothe mosquito bites,390,0.16,0.32,127,"0.39,0.59,0.59,0.14,0.09,0.07,0.09,0.21,0.26,0.48,0.88,0.72",1,60,mosquito bite
how to treat mosquito bites,390,0.16,0.32,0,"0.30,0.30,0.36,0.16,0.05,0.03,0.06,0.16,0.30,0.36,0.55,0.55",1,63,mosquito bite
what to apply on mosquito bites,390,0.16,0.32,99900000,"0.39,0.32,0.72,0.21,0.07,0.07,0.09,0.21,0.39,0.48,0.88,0.72",1,67,mosquito bite
what plants repel mosquitoes,260,0.03,0.32,13000000,"0.54,0.44,0.54,0.18,0.11,0.18,0.28,0.54,0.54,0.81,1.00,0.66",1,19,mosquito repellent
does lavender repel mosquitoes,170,0.02,0.06,734000,"0.65,0.43,0.53,0.28,0.21,0.21,0.28,0.65,1.00,0.65,0.65,0.65",1,21,mosquito repellent
how can i repel mosquitoes,170,0.42,1,4360000,"0.53,0.43,0.53,0.23,0.12,0.12,0.17,0.43,0.66,0.53,0.82,0.66",1,29,mosquito repellent
how do you repel mosquitoes,170,0.42,1,4320000,"0.53,0.43,0.53,0.23,0.12,0.12,0.17,0.43,0.66,0.53,0.82,0.66",1,53,mosquito repellent
what is deet in mosquito repellent,170,0.07,0.21,2730000,"0.43,0.34,0.43,0.43,0.43,0.34,0.43,0.65,0.81,0.65,1.00,0.81",1,44,mosquito repellent
does lavender plant repel mosquitoes,140,0.02,0.05,144,"0.53,0.42,0.34,0.34,0.26,0.26,0.34,0.80,1.00,0.80,0.80,0.80",1,26,mosquito repellent
how to repel mosquitoes,140,0.45,0.99,188,"0.23,0.23,0.18,0.08,0.06,0.15,0.15,0.18,0.18,0.35,0.54,0.44",1,31,mosquito repellent
what repels mosquitoes,140,0.34,0.97,224,"0.14,0.11,0.09,0.07,0.05,0.05,0.07,0.14,0.21,0.21,0.32,0.21",1,46,mosquito repellent
will lavender repel mosquitoes,140,0.02,0.05,133,"0.53,0.42,0.34,0.34,0.26,0.26,0.34,0.80,1.00,0.80,0.80,0.80",1,23,mosquito repellent
how to repel mosquitoes from yard,110,0.72,1,3890000,"0.21,0.21,0.28,0.06,0.09,0.12,0.15,0.28,0.43,0.34,0.53,0.53",1,33,mosquito repellent
what is deet mosquito repellent,110,0.13,0.18,2520000,"0.19,0.09,0.80,0.66,0.66,0.66,0.52,0.19,0.14,0.14,0.66,1.00",1,49,mosquito repellent
can you take mosquito repellent on airplane,90,0,0,306000,"0.63,0.63,0.81,0.81,0.81,0.63,0.81,1.00,0.63,0.81,0.81,0.81",1,23,mosquito repellent
do it yourself mosquito repellent,90,0.15,0.26,5030000,"0.52,0.42,0.52,0.19,0.23,0.19,0.19,0.52,0.66,0.00,0.00,0.66","1,0",17,mosquito repellent
do lavender repel mosquitoes,90,0.02,0.06,760000,"0.66,0.52,0.66,0.42,0.33,0.33,0.00,0.00,0.00,0.00,0.00,1.00",1,31,mosquito repellent
what is the best insect repellent for mosquitoes,90,0.75,1,0,"0.41,0.41,0.41,0.29,0.41,0.29,0.52,0.41,0.64,0.64,1.00,0.64","1,0",20,mosquito repellent
can lemongrass repel mosquitoes,70,0.04,0.04,541000,"0.18,1.00,1.00,0.18,0.18,0.18,0.18,0.18,0.18,1.00,1.00,0.18",1,20,mosquito repellent
does citronella oil repel mosquitoes,70,0.27,0.27,715000,"0.42,0.33,0.33,0.19,0.19,0.14,0.19,0.23,0.33,0.33,0.66,0.42",1,39,mosquito repellent
does citronella repel mosquitoes,70,0.27,0.27,949000,"0.09,0.09,0.12,0.05,0.05,0.12,0.09,0.06,0.12,0.12,0.19,0.12",1,37,mosquito repellent
does lemon grass plant repel mosquitoes,70,0.04,0.04,746000,"0.18,1.00,1.00,0.18,0.18,0.18,0.18,0.18,0.18,1.00,1.00,0.18",1,8,mosquito repellent
does lemongrass repel mosquitoes,70,0.04,0.04,513000,"0.23,1.00,0.52,0.14,0.09,0.14,0.09,0.19,0.23,0.52,0.52,0.23",1,8,mosquito repellent
how to repel mosquitoes in yard,70,0.72,1,1190000,"0.42,0.42,0.42,0.23,0.14,0.19,0.23,0.52,0.66,0.42,0.80,1.00",1,29,mosquito repellent
what is the best mosquito repellent,70,0.57,1,20200000,"0.50,0.35,0.50,0.35,0.50,0.35,0.50,0.50,0.50,0.64,1.00,0.78",0,26,mosquito repellent
will citronella repel mosquitoes,70,0.27,0.27,717000,"0.41,0.41,0.41,0.23,0.23,0.17,0.17,0.29,0.64,0.52,1.00,0.52",1,39,mosquito repellent
will lemongrass repel mosquitoes,70,0.04,0.04,432000,"0.18,1.00,1.00,0.18,0.18,0.18,0.18,0.18,0.18,1.00,1.00,0.18",1,11,mosquito repellent
do lemongrass plants repel mosquitoes,50,0.02,0.09,266000,"0.07,0.42,0.42,0.07,0.07,0.07,0.07,0.07,0.07,0.03,0.07,0.07",1,9,mosquito repellent
what is the best flea treatment for dogs,50,1.52,1,35400000,"0.52,0.19,0.19,0.14,0.09,0.09,0.09,0.19,0.19,0.23,0.14,0.33",0,21,flea treatment dog
what is the best flea treatment for dogs in australia,30,0.75,0.99,0,"0.35,0.35,0.21,0.14,0.14,0.14,0.14,0.14,0.14,0.14,0.14,0.14",,0,flea treatment dog
are flea treatments safe for dogs,20,0,0.33,0,"0.11,0.11,0.11,0.11,0.11,0.00,0.00,0.11,0.11,0.11,0.11,0.11",,0,flea treatment dog
can cat flea treatment be used on dogs,20,0,0.33,0,"0.07,0.07,0.07,0.07,0.07,0.07,0.07,0.07,0.07,0.07,0.07,0.07",,0,flea treatment dog
can cats have dog flea treatment,20,0,0.33,0,"0.11,0.11,0.00,0.11,0.11,0.11,0.11,0.11,0.11,0.11,0.11,0.11",,0,flea treatment dog
can cats use dog flea treatment,20,0,0.33,0,"0.22,0.00,1.00,0.22,0.44,0.22,0.00,0.00,0.00,0.22,0.22,0.22",,0,flea treatment dog
can dog flea treatment be used on cats,20,0,0.33,0,"0.66,0.66,0.66,0.66,0.66,0.66,0.66,0.00,0.00,0.66,0.66,0.66",,0,flea treatment dog
can dogs become immune to flea treatment,20,0,0,0,"0.00,0.14,0.00,0.00,0.00,1.00,0.00,0.00,0.00,0.14,0.00,0.14",,0,flea treatment dog
can dogs overdose on flea treatment,20,0,0.33,0,"0.66,0.66,0.66,0.66,0.66,0.00,0.66,0.66,0.66,0.66,0.66,0.66",,0,flea treatment dog
can flea treatment cause diarrhea in dogs,20,0,0.33,0,"0.66,0.66,0.66,0.66,0.66,0.66,0.66,0.00,0.66,0.66,0.66,0.66",,0,flea treatment dog
can flea treatment cause seizures in dogs,20,0,0.33,0,"0.00,0.40,0.40,0.40,0.40,0.40,0.40,0.40,0.40,0.40,0.40,0.40",,0,flea treatment dog
can flea treatment make dogs sick,20,0,0,0,"1.00,1.00,1.00,1.00,1.00,1.00,1.00,0.00,0.00,1.00,0.00,1.00",,0,flea treatment dog
can i bath my dog after flea treatment,20,0,0.33,0,"1.00,1.00,1.00,1.00,1.00,1.00,1.00,0.00,0.00,1.00,1.00,1.00",,0,flea treatment dog
can i give my dog flea treatment early,20,0,0.33,0,"0.00,0.66,0.66,0.66,0.00,0.66,0.66,0.00,0.66,0.66,0.66,0.66",,0,flea treatment dog
can i use cat flea treatment on a dog,20,0,0.33,0,"0.11,0.11,0.11,0.11,0.11,0.11,0.11,0.11,0.11,0.11,0.11,0.11",,0,flea treatment dog
can i use cat flea treatment on my dog,20,0,0.33,0,"0.11,0.11,0.11,0.11,0.11,0.11,0.11,0.11,0.11,0.11,0.11,0.11",,0,flea treatment dog
can i use dog flea treatment on a cat,20,0,0.33,0,"0.50,0.50,0.50,0.50,0.50,0.50,0.00,0.50,0.50,0.50,0.50,0.50",,0,flea treatment dog
can i use dog flea treatment on cats,20,0,0.33,0,"1.00,1.00,1.00,1.00,1.00,0.00,1.00,1.00,1.00,1.00,1.00,1.00",,0,flea treatment dog
can i use dog flea treatment on my cat,20,0,0.33,0,"0.66,0.66,0.66,0.66,0.66,0.66,0.66,0.66,0.66,0.66,0.66,0.66",,0,flea treatment dog
can i use large dog flea treatment on small dog,20,0,0.33,0,"0.00,0.00,0.28,0.28,0.28,0.28,0.28,0.00,0.28,0.28,0.28,0.28",,0,flea treatment dog
can i use small dog flea treatment on cat,20,0,0.33,0,"0.40,1.00,0.00,0.00,0.80,0.00,0.40,0.40,0.40,0.00,0.40,0.40",,0,flea treatment dog
can i wash my dog after flea treatment,20,0,0.33,0,"0.66,0.66,0.66,0.66,0.66,0.00,0.66,0.66,0.66,0.66,0.66,0.66",,0,flea treatment dog
can pregnant dogs have flea treatment,20,0,0,0,"0.14,0.14,0.14,0.14,0.14,0.14,0.14,0.14,0.14,0.14,0.00,0.14",,0,flea treatment dog
can u use cat flea treatment on dogs,20,0,0.99,0,"0.66,0.66,0.66,0.66,0.66,0.66,0.00,0.00,0.00,0.66,0.66,0.66",,0,flea treatment dog
can you combine oral and topical flea treatment for dogs,20,0,0.33,0,"0.66,0.66,0.66,0.66,0.66,0.66,0.00,0.66,0.66,0.66,0.66,0.66",,0,flea treatment dog
what do bed bug bites look like,1000,0.03,0.01,12600000,"0.24,0.36,0.24,0.10,0.24,0.36,0.20,0.36,0.36,0.44,0.44,0.36",1,61,bed bug bite
what do bed bugs bites look like,1000,0.04,0.01,19200000,"0.52,0.37,0.68,0.52,0.46,0.20,0.37,0.68,0.84,0.84,0.52,0.52",1,45,bed bug bite
what does the bed bug bite look like,590,0,0.01,0,"0.81,1.00,0.81,0.81,0.66,0.66,0.66,0.81,0.81,0.81,0.81,1.00",,0,bed bug bite
can bed bug bites be itchy,480,0.12,0.02,180,"0.55,0.76,0.76,0.45,0.00,0.00,0.00,0.24,0.24,0.00,0.00,0.30",1,72,bed bug bite
do bed bug bites itch,480,0.03,0.02,2430000,"0.20,0.16,0.16,0.13,0.13,0.13,0.08,0.11,0.13,0.16,0.16,0.16",1,0,bed bug bite
how to treat bed bug bites,390,0.19,0.4,0,"0.30,0.36,0.36,0.30,0.20,0.20,0.20,0.36,0.30,0.30,0.36,0.30",1,62,bed bug bite
how can i treat bed bug bites,320,0.19,0.4,13400000,"0.54,0.44,0.66,0.44,0.29,0.23,0.29,0.66,0.44,0.44,0.54,0.54",1,62,bed bug bite
how can you treat bed bug bites,320,0.17,0.47,8770000,"0.54,0.44,0.66,0.44,0.29,0.23,0.29,0.66,0.44,0.44,0.54,0.54",1,59,bed bug bite
how do i treat bed bug bites,320,0.19,0.4,44400000,"0.54,0.44,0.66,0.44,0.29,0.23,0.29,0.66,0.44,0.44,0.54,0.54",1,58,bed bug bite
how do you treat bed bug bites,320,0.19,0.4,142,"0.54,0.44,0.66,0.44,0.29,0.23,0.12,0.66,0.44,0.44,0.54,0.54",1,56,bed bug bite
what does bed bugs bites look like,320,0.08,0.01,20600000,"0.44,0.44,0.36,0.29,0.36,0.19,0.36,0.54,0.54,0.54,0.54,0.44",1,40,bed bug bite
what does bites from bed bugs look like,320,0.08,0.01,36500000,"0.00,0.00,0.00,0.00,0.00,0.00,0.66,0.00,0.00,1.00,0.00,1.00",1,50,bed bug bite
are bed bug bites itchy,260,0.04,0.01,5920000,"0.54,0.29,0.29,0.23,0.23,0.19,0.19,0.29,0.23,0.36,0.36,0.36",1,68,bed bug bite
do bed bugs bite and itch,260,0.03,0.02,260000,"0.39,0.00,1.00,0.59,0.00,0.14,0.26,0.32,0.32,0.00,0.00,0.39",1,80,bed bug bite
how do you heal bed bug bites,260,0.19,0.4,109,"0.54,0.44,0.66,0.44,0.29,0.29,0.29,0.12,0.15,0.44,0.54,0.54",1,48,bed bug bite
how to cure bed bug bites,260,0.19,0.4,219,"0.44,0.54,0.54,0.23,0.23,0.29,0.29,0.29,0.36,0.44,0.36,0.36",1,62,bed bug bite
will bed bug bites itch,260,0.12,0.02,3260000,"0.39,0.00,1.00,0.59,0.00,0.14,0.26,0.32,0.32,0.00,0.00,0.39",1,62,bed bug bite
can bed bug bites itch,210,0.12,0.02,3890000,"0.53,0.82,0.82,0.43,0.35,0.35,0.66,0.82,0.82,0.00,0.00,1.00",1,71,bed bug bite
how long do bed bug bites last,170,0.05,0.02,31400000,"0.80,1.00,0.65,0.53,0.53,0.53,0.42,0.53,0.80,0.80,0.65,0.80",1,68,bed bug bite
how to get rid of bed bug bites,170,0.23,0.33,47100000,"0.65,0.53,0.43,0.43,0.43,0.53,0.43,0.34,0.43,0.53,0.65,0.65",1,54,bed bug bite
what does a bed bug bite look like,170,0,0.01,62900000,"0.28,0.28,0.23,0.66,0.18,0.18,0.15,0.15,0.23,0.28,0.28,1.00",1,53,bed bug bite
what does a bug bed bite look like,170,0.04,0.01,146,"0.00,0.00,0.00,0.00,0.00,0.00,0.00,0.01,0.01,0.01,1.00,0.00",1,63,bed bug bite
what does bed bug bites look like,170,0.08,0.01,42400000,"0.07,0.04,0.08,0.05,0.25,0.03,0.07,0.05,0.08,0.11,0.11,0.08",1,54,bed bug bite
what does the bite of a bed bug look like,170,0.08,0.01,69600000,"0.00,0.00,1.00,0.81,0.00,0.00,0.00,0.00,0.00,0.00,0.00,1.00",1,48,bed bug bite
do bed bugs bite,140,0.03,0.04,33500000,"1.00,0.80,0.80,0.42,0.33,0.42,0.33,0.33,0.66,0.80,0.80,0.66",1,71,bed bug bite
what do bed bugs and eggs look like,90,0,0,10600000,"1.00,0.81,0.81,0.63,0.45,0.63,0.63,0.63,1.00,0.81,0.81,1.00",1,29,bed bug eggs
what do bed bug eggs look like,70,0,0.01,71000000,"0.64,0.64,0.50,0.35,0.35,0.35,0.35,0.35,0.64,0.50,0.64,0.64",1,16,bed bug eggs
are bed bugs eggs visible,40,0,0.33,0,"0.36,0.18,1.00,0.18,1.00,0.36,0.18,0.18,0.18,0.18,0.00,0.18",,0,bed bug eggs
how much eggs do bed bugs lay,40,0,0.33,0,"0.50,0.00,0.14,0.14,0.00,0.14,1.00,0.28,0.00,0.78,0.14,0.14",,0,bed bug eggs
how often does a bed bug lay eggs,40,0,0.03,0,"0.52,0.11,0.11,0.11,0.11,0.11,0.00,1.00,0.11,0.11,0.11,0.11",,0,bed bug eggs
how to check for bed bugs eggs,40,0,0.33,0,"0.00,0.00,0.82,1.00,0.23,0.52,0.11,0.11,0.11,0.00,0.11,0.11",,0,bed bug eggs
how to eliminate bed bug eggs,40,0,0.67,0,"1.00,0.11,0.11,0.11,0.23,0.11,0.11,0.11,0.11,0.11,0.11,0.11",,0,bed bug eggs
what chemical kills bed bugs and their eggs,40,0.9,0.92,4400000,"0.41,0.29,0.29,0.11,0.11,0.11,0.11,0.11,0.11,0.11,0.11,0.11",1,40,bed bug eggs
what does a bed bug egg look like,30,0,0.01,0,"0.80,0.40,0.20,0.20,0.40,0.40,0.40,0.40,0.80,0.80,0.80,1.00",,0,bed bug eggs
what does bed bug eggs look like,30,0,0.01,0,"0.36,0.27,0.18,0.09,0.18,0.18,0.18,0.18,0.36,0.36,0.45,0.45",,0,bed bug eggs
what kills the eggs of bed bugs,30,0.55,0.92,0,"0.22,0.22,0.55,1.00,0.77,0.22,0.22,0.00,0.00,0.00,0.00,0.22",,0,bed bug eggs
will steam kill bed bug eggs,30,0,0.57,0,"1.00,0.28,0.14,0.14,0.14,0.14,0.14,0.14,0.14,0.14,0.14,0.14",,0,bed bug eggs
are bed bug eggs hard,20,0,0.33,0,"0.66,0.66,0.66,0.66,0.66,0.66,0.66,0.66,0.66,0.66,0.66,0.66",,0,bed bug eggs
are bed bug eggs hard or soft,20,0,0.33,0,"0.66,0.66,0.66,0.66,0.66,0.00,0.66,0.66,0.66,0.00,0.66,0.66",,0,bed bug eggs
can alcohol kill bed bug eggs,20,0,0,0,"0.11,0.77,1.00,0.00,0.22,0.00,0.22,0.00,0.00,0.00,0.00,0.00",,0,bed bug eggs
can bed bug eggs move,20,0,0,0,"0.66,0.66,0.66,0.66,0.00,0.66,0.00,0.66,0.66,0.66,0.00,0.66",,0,bed bug eggs
can bed bug eggs survive washing machine,20,0,0.33,0,"1.00,0.18,0.00,0.00,0.00,0.00,0.00,0.00,0.18,0.00,0.18,0.18",,0,bed bug eggs
can bed bugs lay eggs,20,0,0,0,"1.00,0.00,0.00,0.11,0.00,0.00,0.00,0.00,0.00,0.11,0.00,0.00",,0,bed bug eggs
can bed bugs lay eggs in your hair,20,0,0.33,0,"0.66,0.66,0.66,0.66,0.66,0.66,0.66,0.66,0.66,0.66,0.66,0.66",,0,bed bug eggs
can bed bugs lay eggs in your skin,20,0,0.33,0,"0.66,0.66,0.66,0.66,0.66,0.66,0.66,0.66,0.66,0.66,0.66,0.66",,0,bed bug eggs
can bed bugs lay eggs on humans,20,0,0.33,0,"0.22,0.22,0.22,0.22,0.22,0.22,0.22,0.22,0.22,0.22,0.22,0.22",,0,bed bug eggs
can bed bugs lay eggs on you,20,0,0.33,0,"0.22,0.22,0.22,0.00,0.22,0.00,0.22,0.22,0.22,0.00,0.22,0.22",,0,bed bug eggs
can bed bugs lay eggs under your skin,20,0,0.33,0,"0.66,0.00,0.66,0.00,0.00,0.66,0.66,0.66,0.66,0.66,0.66,0.66",,0,bed bug eggs
can bleach kill bed bug eggs,20,0,0.33,0,"1.00,1.00,1.00,1.00,1.00,1.00,1.00,1.00,1.00,1.00,1.00,1.00",,0,bed bug eggs
can heat kill bed bug eggs,20,0,0.29,0,"1.00,1.00,1.00,0.00,1.00,1.00,1.00,1.00,1.00,1.00,1.00,1.00",,0,bed bug eggs
how to get rid of silverfish,1600,0.33,1,3490000,"0.81,1.00,1.00,0.81,0.81,1.00,0.81,1.00,1.00,0.81,0.81,1.00",1,20,silverfish
how get rid silverfish,1300,0.58,0.98,124,"1.00,1.00,0.81,0.81,0.62,0.62,0.62,1.00,0.81,0.62,0.81,0.81",1,25,silverfish
how to rid silverfish,880,0.58,0.98,3090000,"0.07,0.13,0.84,1.00,0.84,0.07,0.52,0.05,0.05,0.68,0.68,0.84",1,18,silverfish
how can i get rid of silverfish,720,0.58,0.98,3420000,"0.08,1.00,1.00,0.36,0.16,0.20,0.62,0.06,0.06,0.81,0.81,1.00",1,20,silverfish
how to get rid of silverfish insects,720,0.33,1,1720000,"0.81,0.24,0.06,0.24,1.00,0.04,0.62,0.06,0.06,0.81,0.81,1.00",1,24,silverfish
how to repel silverfish,720,0.58,0.98,2810000,"0.30,0.24,0.06,0.36,0.08,0.20,0.62,0.45,0.08,0.81,0.81,1.00",1,16,silverfish
how do you get rid of silverfish,390,0.33,1,2290000,"0.30,0.24,0.13,0.06,0.10,0.10,0.55,0.24,0.08,0.62,0.04,0.62",1,24,silverfish
what are silverfish,320,0.12,0.01,131,"0.13,0.30,0.24,0.16,0.10,0.16,0.10,0.24,0.24,0.24,0.24,0.20",1,38,silverfish
are silverfish harmful,260,0,0.01,6780000,"0.44,0.54,0.44,0.44,0.36,0.36,0.29,0.44,0.29,0.36,0.29,0.36",1,21,silverfish
what are silverfish insects,260,0.12,0.01,3930000,"0.54,0.66,1.00,0.81,0.54,0.43,0.14,0.35,0.22,0.29,0.35,0.66",1,28,silverfish
do silverfish bite,210,0,0.01,1900000,"0.65,0.65,0.65,0.53,0.65,0.53,0.53,0.53,0.81,1.00,0.81,1.00","1,0",31,silverfish
how to exterminate silverfish,210,0.61,0.76,2420000,"0.53,1.00,0.80,0.80,0.65,0.65,0.65,0.80,0.65,0.65,0.80,0.65",1,18,silverfish
what do silverfish eat,210,0,0.02,147,"1.00,0.66,0.82,0.53,0.43,0.53,0.35,0.53,0.53,0.53,0.43,0.66",1,22,silverfish
what is silverfish insect,210,0.12,0.01,4220000,"0.54,0.66,1.00,0.81,0.35,0.43,0.14,0.14,0.22,0.29,0.35,0.66",1,37,silverfish
where do silverfish come from,210,0.02,0.05,4560000,"0.80,0.80,1.00,0.65,0.80,1.00,0.80,0.80,0.80,0.80,0.65,1.00",1,44,silverfish
can silverfish bite,170,0,0,1430000,"0.80,0.65,0.65,0.42,0.53,0.65,0.53,0.42,0.65,0.80,1.00,1.00",1,25,silverfish
do silverfish bugs bite,170,0,0.01,125,"0.53,0.42,0.80,0.53,0.53,0.42,0.53,0.65,1.00,0.80,1.00,1.00","1,0",30,silverfish
do silverfish eat clothes,170,0,0.02,422000,"0.80,0.80,0.80,0.80,0.80,0.80,0.80,0.80,1.00,0.80,0.80,1.00","1,0",4,silverfish
do silverfish insects bite,170,0,0,0,"0.80,0.42,0.80,0.53,0.53,0.42,0.53,0.65,1.00,0.80,1.00,1.00",1,22,silverfish
does a silverfish bite,170,0,0,95,"0.80,0.42,0.80,0.53,0.53,0.42,0.53,0.65,1.00,0.80,1.00,1.00",1,12,silverfish
does silverfish bite,170,0,0.01,1460000,"0.80,0.42,0.80,0.53,0.53,0.42,0.53,0.65,1.00,0.80,1.00,1.00",1,31,silverfish
how do i get rid of silverfish,170,0.58,0.98,145,"0.53,0.53,0.43,0.65,0.65,0.65,0.43,1.00,0.81,0.53,0.12,0.81",1,12,silverfish
how do you kill silverfish,170,0.61,0.76,2670000,"0.66,1.00,0.80,0.80,0.66,0.66,0.80,1.00,0.80,0.80,0.80,1.00",1,17,silverfish
how to kill silverfish,170,0,0,4260000,"0.43,0.43,0.53,0.53,0.43,0.65,0.65,0.65,0.53,0.53,0.65,0.81",1,17,silverfish
how to remove silverfish,170,0.61,0.76,2480000,"0.53,0.65,0.80,0.80,0.65,0.65,0.65,0.80,0.65,0.65,0.80,1.00",1,15,silverfish
how many legs does a millipede have,480,0,0,1350000,"0.36,0.44,0.54,0.44,0.54,0.29,0.67,0.67,0.81,0.81,0.44,0.44",1,36,millipede
what do millipedes eat,390,0,0,2180000,"0.21,0.48,0.59,0.48,0.32,0.32,0.32,0.59,0.88,0.48,0.21,0.21",1,24,millipede
what does the millipede eat,390,0,0,0,"0.14,0.32,0.48,0.59,0.26,0.21,0.26,0.59,1.00,0.39,0.17,0.17",1,33,millipede
how to get rid of millipedes,170,0.91,0.44,1440000,"0.03,0.20,0.11,0.04,0.03,0.04,0.03,0.11,0.25,0.07,0.04,0.04",1,13,millipede
are millipedes dangerous,140,0,0,1120000,"0.42,0.80,0.80,0.53,0.42,0.34,0.42,0.53,1.00,0.53,0.42,0.34",1,20,millipede
are millipedes harmful,140,0,0,996000,"0.26,0.42,0.53,0.53,0.42,0.26,0.34,0.65,1.00,0.53,0.34,0.34",1,0,millipede
are millipedes poisonous,140,0,0,1190000,"0.19,0.23,0.23,0.23,0.15,0.15,0.19,0.23,0.29,0.29,0.15,0.19",1,37,millipede
are millipedes venomous,140,0,0,2140000,"0.66,0.52,0.66,0.66,0.52,0.42,0.66,0.42,0.66,1.00,0.66,0.66",1,35,millipede
can millipedes bite,140,0,0,2920000,"0.18,0.18,0.35,0.23,0.15,0.11,0.15,0.35,0.23,0.28,0.15,0.18",1,37,millipede
do millipedes bite,140,0,0,953000,"0.28,0.53,0.53,0.35,0.28,0.23,0.23,0.28,0.43,0.43,0.28,0.28",1,41,millipede
does a millipede bite,140,0,0,0,"0.42,0.42,0.80,0.53,0.34,0.26,0.34,0.80,1.00,0.65,0.34,0.42",1,41,millipede
does millipedes bite,140,0,0,933000,"0.42,0.42,0.80,0.53,0.34,0.26,0.34,0.80,1.00,0.65,0.34,0.42",1,42,millipede
how do you get rid of millipedes,140,1.1,0.43,1770000,"0.02,0.07,0.08,0.02,0.01,0.02,0.01,0.07,0.20,0.03,0.02,0.01",1,12,millipede
how to exterminate millipedes,140,0.91,0.44,1180000,"0.14,0.35,0.43,0.14,0.06,0.10,0.08,0.35,1.00,0.18,0.14,0.08",1,17,millipede
how to repel millipedes,140,1.1,0.43,1370000,"0.14,0.35,0.43,0.14,0.06,0.10,0.08,0.35,1.00,0.18,0.14,0.08",1,17,millipede
will millipedes bite,140,0,0,923000,"0.42,0.42,0.80,0.53,0.34,0.26,0.34,0.80,1.00,0.65,0.34,0.42",1,36,millipede
how many legs do millipedes have,110,0,0,134,"0.01,0.05,0.11,1.00,0.08,0.66,0.08,0.08,0.08,0.11,0.06,0.06",1,38,millipede
how to get rid of portuguese millipedes,110,0,0.13,7810,"0.04,0.43,0.29,0.10,0.08,0.06,0.08,0.29,1.00,0.14,0.08,0.06",1,14,millipede
how many legs are on a millipede,70,0,0,1270000,"0.05,0.17,0.23,0.17,0.17,0.12,0.12,0.17,0.17,0.23,0.17,0.23",1,43,millipede
how many legs of millipede,70,0,0,123,"0.18,0.63,0.81,0.63,0.63,0.45,0.45,0.63,0.63,0.81,0.63,0.81",1,38,millipede
how many legs on millipede,70,0,0,1280000,"0.18,0.63,0.81,0.63,0.63,0.45,0.45,0.63,0.63,0.81,0.63,0.81",1,47,millipede
how to rid house of millipedes,70,1.77,0.5,154000,"0.06,0.65,1.00,0.06,0.06,0.06,0.06,0.00,0.03,0.00,0.03,0.06",1,17,millipede
how to kill millipedes,50,0,0,0,"0.03,0.19,0.15,0.03,0.03,0.19,0.19,0.26,0.42,0.19,0.19,0.15",,0,millipede
how do you get rid of millipedes in the house,40,0,0.66,0,"0.18,1.00,1.00,0.18,0.18,0.18,0.18,0.18,1.00,0.18,0.18,0.18",,0,millipede
how kill millipedes,40,0,0.33,0,"0.07,0.42,0.07,0.07,0.07,0.07,0.07,0.07,0.42,0.07,0.07,0.07",,0,millipede
how to get rid of earwigs,390,0.91,0.24,1010000,"0.16,0.10,0.16,0.10,0.05,0.05,0.06,0.16,0.45,1.00,0.76,0.45",1,17,earwig
are earwigs dangerous,320,0,0,1910000,"0.44,0.44,0.44,0.29,0.19,0.19,0.19,0.23,0.54,1.00,1.00,0.81",1,23,earwig
do earwigs bite,320,0,0,591000,"0.23,0.29,0.23,0.19,0.10,0.12,0.12,0.19,0.44,0.67,1.00,0.67",1,27,earwig
how to exterminate earwigs,320,0.91,0.24,1010000,"0.10,0.08,0.10,0.08,0.05,0.05,0.06,0.16,0.36,1.00,0.76,0.36",1,23,earwig
will earwigs bite,320,0,0,502000,"0.29,0.36,0.29,0.23,0.12,0.12,0.12,0.19,0.44,0.81,1.00,0.67",1,19,earwig
are earwigs harmful,260,0,0,144,"0.54,0.54,0.43,0.35,0.22,0.29,0.29,0.35,0.54,0.66,1.00,0.54",1,24,earwig
can an earwig bite,260,0,0,102,"0.23,0.19,0.19,0.19,0.10,0.10,0.10,0.19,0.36,0.54,1.00,0.67",1,28,earwig
can earwigs bite,260,0,0,155,"0.15,0.23,0.19,0.19,0.10,0.07,0.10,0.15,0.19,0.54,1.00,0.67",1,23,earwig
can earwigs go in your ear,210,0,0,0,"0.53,0.43,0.53,0.35,0.23,0.35,0.28,0.23,0.28,1.00,1.00,1.00",1,31,earwig
do earwigs enter your ear,210,0,0,20600,"0.53,0.43,0.66,0.35,0.28,0.28,0.28,0.53,0.82,0.82,1.00,1.00",1,21,earwig
do earwigs get in your ears,210,0,0,185000,"0.53,0.43,0.66,0.35,0.28,0.28,0.28,0.53,0.82,0.82,1.00,1.00",1,32,earwig
do earwigs go in your ear,210,0,0,142000,"0.15,0.29,0.23,0.15,0.12,0.09,0.15,0.19,0.44,0.44,0.44,0.44",1,32,earwig
do earwigs really go in your ears,210,0,0,92200,"0.53,0.43,0.66,0.35,0.28,0.28,0.28,0.53,0.82,0.82,0.00,1.00",1,29,earwig
do earwigs sting,210,0,0,131000,"0.29,0.35,0.29,0.35,0.18,0.22,0.18,0.29,0.43,0.81,1.00,0.66",1,18,earwig
does an earwig go in your ear,210,0,0,165000,"0.53,0.43,0.66,0.35,0.28,0.28,0.28,0.53,0.82,0.82,1.00,1.00",1,37,earwig
does earwigs bite,210,0,0,528000,"0.43,0.35,0.43,0.35,0.18,0.22,0.18,0.22,0.22,0.66,1.00,0.22",1,26,earwig
how do i get rid of earwigs,210,0.91,0.24,987000,"0.19,0.19,0.19,0.12,0.09,0.09,0.12,0.19,0.36,0.54,0.66,0.36",1,20,earwig
how do you get rid of earwigs,210,0.91,0.24,136,"0.23,0.15,0.23,0.12,0.09,0.09,0.12,0.19,0.44,1.00,1.00,0.54",1,23,earwig
what do earwigs eat,170,0,0.01,0,"0.22,0.22,0.18,0.18,0.14,0.18,0.22,0.29,0.43,0.81,0.81,0.54",1,23,earwig
why are earwigs called earwigs,170,0,0,929000,"0.35,0.43,0.35,0.23,0.23,0.17,0.23,0.35,0.53,0.82,1.00,0.82",1,26,earwig
do earwigs go in your ears,140,0,0,139,"0.53,0.43,0.53,0.17,0.17,0.17,0.17,0.17,0.35,0.53,0.53,0.53",1,36,earwig
what does a earwig eat,140,0,0.01,146,"0.17,0.23,0.23,0.23,0.17,0.17,0.23,0.43,0.66,1.00,0.82,0.66",1,26,earwig
what does an earwig eat,140,0,0,526000,"0.17,0.23,0.23,0.23,0.17,0.17,0.23,0.28,0.35,1.00,0.82,0.66",1,17,earwig
what is an earwig,140,0,0,1510000,"0.42,0.42,0.80,0.34,0.42,0.42,0.26,0.34,0.53,1.00,0.80,0.65",1,28,earwig
why called earwig,140,0,0,341,"0.34,0.34,0.43,0.00,0.28,0.00,0.28,0.43,0.81,1.00,1.00,0.81",1,24,earwig
how do i kill wasp nest,1600,0.79,0.34,1010000,"0.66,0.53,0.29,0.10,0.03,0.03,0.03,0.10,0.18,0.29,0.44,0.53",1,12,wasp nest
how to dispose of a wasp nest,1600,0.79,0.34,124,"0.65,0.54,0.36,0.13,0.03,0.02,0.03,0.13,0.22,0.36,0.54,0.65",1,10,wasp nest
how to rid of wasp nest,1300,0.79,0.34,3820000,"0.65,0.54,0.36,0.13,0.03,0.02,0.03,0.13,0.22,0.36,0.00,0.65",1,18,wasp nest
how to exterminate wasp nest,1000,0.79,0.34,4540000,"0.65,0.08,0.05,0.07,0.02,0.03,0.03,0.03,0.03,0.36,0.54,0.65",1,27,wasp nest
how to get rid of wasp nest,1000,0.79,0.34,7400000,"0.52,0.52,0.24,0.10,0.03,0.02,0.03,0.10,0.20,0.36,0.36,0.36",1,19,wasp nest
how can i get rid of wasp nest,720,0.79,0.34,4120000,"1.00,0.82,0.55,0.20,0.04,0.03,0.04,0.00,0.01,0.00,0.01,0.02",1,28,wasp nest
how to get rid of wasp nests,720,0.79,0.34,127,"1.00,1.00,0.68,0.13,0.05,0.04,0.07,0.20,0.25,0.46,0.84,0.52",1,21,wasp nest
how to remove wasp nest,720,0.79,0.34,125,"0.27,0.44,0.16,0.10,0.04,0.03,0.03,0.08,0.16,0.20,0.10,0.36",1,19,wasp nest
how do i get rid of a wasp nest,480,0.79,0.34,5740000,"1.00,0.81,0.20,0.01,0.06,0.04,0.06,0.24,0.24,0.62,0.36,0.81",1,24,wasp nest
how to remove a wasp nest,480,0.79,0.34,4840000,"0.55,0.55,0.04,0.02,0.01,0.02,0.01,0.05,0.07,0.03,0.05,0.08",1,9,wasp nest
how do you remove a wasp nest,390,0.86,0.37,4830000,"1.00,0.24,0.16,0.08,0.02,0.02,0.03,0.10,0.20,0.24,0.45,0.55",1,17,wasp nest
how to eliminate wasp nest,390,0.87,0.38,1220000,"1.00,0.24,0.20,0.08,0.02,0.02,0.03,0.10,0.20,0.24,0.45,0.55",1,18,wasp nest
how to get rid of a wasp nest,390,0.87,0.38,9350000,"0.46,0.31,0.16,0.05,0.01,0.02,0.03,0.05,0.13,0.20,0.37,0.31",1,20,wasp nest
how do i remove a wasp nest,320,0.86,0.37,5050000,"0.30,0.24,0.13,0.08,0.02,0.02,0.03,0.10,0.20,0.24,0.45,0.55",1,17,wasp nest
how to clear a wasp nest,260,0.62,0.29,6260000,"0.17,0.32,0.39,0.11,0.04,0.02,0.04,0.11,0.14,0.21,0.59,0.48",1,23,wasp nest
how to eradicate wasps nest,260,0.62,0.29,3330000,"0.17,0.32,0.39,0.11,0.04,0.02,0.04,0.11,0.14,0.21,0.59,0.48",1,21,wasp nest
how to get rid of wasps nest,260,1.19,0.35,3190000,"0.81,0.54,0.29,0.15,0.06,0.06,0.06,0.19,0.44,0.36,0.81,0.54",1,0,wasp nest
how to take down a wasp nest,260,0.81,0.23,6040000,"0.17,0.32,0.39,0.11,0.04,0.02,0.04,0.11,0.14,0.21,0.59,0.48",1,20,wasp nest
how do you kill a wasp nest,210,0.62,0.29,6200000,"0.32,0.26,0.32,0.09,0.04,0.02,0.04,0.09,0.14,0.21,0.39,0.26",1,14,wasp nest
how to destroy a wasp nest,210,0.62,0.29,1480000,"0.39,0.39,0.17,0.05,0.04,0.02,0.04,0.09,0.11,0.21,0.32,0.26",1,17,wasp nest
how to get rid of paper wasp nest,210,0.74,0.29,143,"0.31,0.20,0.11,0.04,0.02,0.02,0.01,0.04,0.08,0.08,0.16,0.25",1,10,wasp nest
how to kill wasp nest,210,0,0,6000000,"1.00,0.66,0.44,0.11,0.03,0.01,0.03,0.11,0.15,0.11,0.44,0.44",1,22,wasp nest
how get rid of a wasp nest,170,0.79,0.34,8720000,"0.35,0.35,0.23,0.28,0.03,0.03,0.03,0.11,0.23,0.28,0.35,0.44",1,19,wasp nest
how get rid wasp nest,170,0.79,0.34,6990000,"0.29,0.29,0.19,0.23,0.05,0.02,0.01,0.06,0.15,0.19,0.36,0.44",1,25,wasp nest
how to get rid a wasp nest,170,0.79,0.34,6900000,"0.29,0.29,0.19,0.23,0.05,0.02,0.01,0.06,0.15,0.19,0.36,0.44",1,12,wasp nest
how to remove bee stinger,260,0.04,0.09,1360000,"0.81,0.66,0.66,0.35,0.29,0.18,0.35,0.43,0.54,0.66,0.81,1.00",1,33,bee removal
how do you remove a bee stinger,210,0.03,0.07,1080000,"0.54,0.35,0.54,0.29,0.22,0.14,0.29,0.18,0.29,0.43,0.54,0.54",1,43,bee removal
how to remove stinger from bee sting,170,0.03,0.07,503000,"0.66,0.53,0.43,0.28,0.28,0.23,0.35,0.23,0.35,0.53,0.82,1.00",1,42,bee removal
how do i remove a bee sting,140,0.04,0.09,11100000,"0.66,0.54,0.54,0.29,0.22,0.14,0.02,0.00,0.00,0.00,0.00,0.81",1,33,bee removal
how do i remove a bee stinger,70,0.23,0.07,0,"0.00,0.43,0.00,0.35,0.28,0.17,0.00,0.00,0.00,0.00,0.00,1.00",,0,bee removal
how do you remove bee stinger,70,0.23,0.07,0,"0.00,0.43,0.00,0.35,0.28,0.17,0.00,0.00,0.00,0.00,0.00,1.00",,0,bee removal
how to remove bee sting,70,0.04,0.09,12100000,"0.78,0.78,0.78,0.35,0.28,0.21,0.35,0.35,0.64,0.64,0.64,0.64",1,40,bee removal
how to remove stinger from bee,70,0.23,0.07,0,"0.00,0.43,0.00,0.35,0.28,0.17,0.00,0.00,0.00,0.00,0.00,1.00",,0,bee removal
how to remove the stinger from a bee sting,70,0.23,0.07,0,"0.00,0.43,0.00,0.35,0.28,0.17,0.00,0.00,0.00,0.00,0.00,1.00",,0,bee removal
how to remove a bee sting,50,0.03,0.07,10700000,"0.34,0.34,0.26,0.15,0.15,0.07,0.11,0.26,0.26,0.26,0.34,0.42",1,47,bee removal
how to remove bee hive,50,1.45,0.24,8630000,"0.64,0.35,0.28,0.14,0.14,0.07,0.14,0.35,1.00,0.50,0.50,0.35",1,28,bee removal
how to remove bees,50,1.5,0.3,105000000,"0.09,0.02,0.02,0.02,0.02,0.04,0.06,0.12,0.23,0.19,0.19,0.12",1,23,bee removal
how to remove a bee hive in minecraft,40,0,0.33,0,"1.00,0.11,0.11,0.11,0.52,0.11,0.11,0.11,0.11,0.11,0.11,0.11",,0,bee removal
how to remove a bee stinger,40,0.23,0.07,0,"0.29,0.52,0.29,0.23,0.11,0.05,0.11,0.11,0.11,0.23,0.17,0.17",,0,bee removal
how to remove bees from home,40,1.02,0.33,0,"0.07,0.07,0.07,0.07,0.07,0.11,0.15,0.19,0.42,0.19,0.07,0.07",,0,bee removal
how to remove bee hive from home naturally,30,1.67,0.33,0,"0.18,0.18,0.18,0.18,0.00,0.18,0.18,0.27,1.00,0.45,0.36,0.36",,0,bee removal
how to remove bees from house,30,1.02,0.33,0,"0.18,0.18,0.18,0.18,0.18,0.18,0.18,0.18,1.00,0.18,0.18,0.18",,0,bee removal
how to remove bees nest from tree,30,0,0.33,0,"0.11,0.11,0.00,1.00,0.00,0.00,0.00,0.11,0.11,0.11,0.11,0.11",,0,bee removal
what happens if you don t remove a bee sting,30,0,0.02,0,"0.50,0.50,0.50,0.50,0.50,1.00,0.50,0.50,1.00,0.50,1.00,0.50",,0,bee removal
what happens when bee stinger is not removed,30,0,0.33,0,"0.23,0.00,1.00,0.11,0.00,0.11,0.11,0.00,0.00,0.00,0.11,0.11",,0,bee removal
can bee venom remove moles,20,0,0.33,0,"1.00,1.00,1.00,1.00,0.00,1.00,1.00,0.00,0.00,1.00,1.00,1.00",,0,bee removal
can bee venom remove skin tags,20,0,0.66,0,"1.00,1.00,1.00,1.00,1.00,1.00,1.00,1.00,1.00,1.00,1.00,1.00",,0,bee removal
can bee venom remove warts,20,0,0,0,"0.18,0.18,0.18,0.18,0.18,0.18,0.18,0.00,0.00,0.18,0.00,0.18",,0,bee removal
do beekeepers charge to remove bees,20,0,0.33,0,"0.22,0.22,0.22,0.22,0.22,0.00,0.00,0.22,0.22,0.22,0.22,0.22",,0,bee removal
do beekeepers remove bees for free,20,0,0.1,0,"0.22,0.22,0.22,0.22,0.22,0.22,0.22,0.22,0.22,0.22,0.22,0.22",,0,bee removal
how to get rid of european wasps,210,0.9,0.72,2110000,"0.39,0.59,0.48,0.17,0.04,0.07,0.07,0.09,0.07,0.09,0.11,0.21",1,17,european wasp
how to get rid of european wasp nest,140,0.9,0.72,852000,"0.13,0.20,0.24,0.06,0.02,0.01,0.01,0.03,0.04,0.04,0.05,0.08",1,12,european wasp
are european wasps dangerous,110,0,0.01,144,"0.35,0.43,0.54,0.18,0.06,0.08,0.04,0.10,0.14,0.14,0.18,0.35",1,26,european wasp
how to kill european wasps,70,0,0,1410000,"0.35,0.43,0.53,0.12,0.00,0.02,0.02,0.05,0.00,0.05,0.07,0.17",1,12,european wasp
how to get rid of european wasps australia,50,1.23,0.66,0,"0.23,0.33,0.23,0.09,0.09,0.19,0.19,0.23,0.23,0.14,0.52,0.19",,0,european wasp
what does a european wasp nest look like,50,0,0.33,0,"0.15,0.42,0.42,0.07,0.07,0.07,0.07,0.07,0.11,0.15,0.11,0.42",,0,european wasp
do european wasps sting,40,0,0.33,0,"0.14,0.78,0.78,0.21,0.14,0.14,0.14,0.14,0.14,0.14,0.14,0.14",,0,european wasp
how to find a european wasp nest,30,0,0.33,0,"0.14,0.35,0.78,0.14,0.14,0.14,0.14,0.14,0.14,0.14,0.14,0.14",,0,european wasp
how to find european wasp nest,30,0,0.33,0,"0.06,0.15,0.34,0.09,0.06,0.06,0.06,0.06,0.06,0.06,0.06,0.06",,0,european wasp
how to get rid of european wasp,30,1.04,0.56,0,"0.71,0.71,0.71,0.14,0.00,0.42,0.42,0.14,0.14,0.00,0.42,0.28",,0,european wasp
what do european wasps eat,30,0,0.33,0,"0.09,0.09,0.52,0.09,0.09,0.09,0.09,0.09,0.09,0.09,0.09,0.09",,0,european wasp
are european paper wasps aggressive,20,0,0.33,0,"0.66,0.66,0.66,0.00,0.00,0.66,0.00,0.66,0.66,0.66,0.66,0.66",,0,european wasp
are european paper wasps dangerous,20,0,0.33,0,"0.75,0.75,0.50,0.50,0.50,0.50,0.50,0.50,0.50,0.50,0.50,0.50",,0,european wasp
are european wasps aggressive,20,0,0.33,0,"0.50,0.50,1.00,0.75,0.50,0.50,0.50,0.50,0.50,0.50,0.75,0.75",,0,european wasp
are european wasps deadly,20,0,0.33,0,"0.22,0.22,0.22,0.22,0.22,0.22,0.00,0.22,0.22,0.22,0.22,0.22",,0,european wasp
are yellow jackets the same as european wasps,20,0,0.33,0,"0.00,0.00,1.00,1.00,1.00,1.00,1.00,1.00,1.00,1.00,1.00,1.00",,0,european wasp
can european wasps kill you,20,0,0.33,0,"0.66,0.66,0.66,1.00,0.66,0.66,0.66,0.66,0.66,0.66,0.66,0.66",,0,european wasp
do european wasps die in winter,20,0,0.33,0,"0.00,0.00,1.00,1.00,1.00,1.00,1.00,1.00,1.00,1.00,1.00,1.00",,0,european wasp
do european wasps have a queen,20,0,0.33,0,"0.50,0.50,0.50,0.50,0.50,0.50,0.50,0.50,0.50,0.50,0.50,0.50",,0,european wasp
do european wasps kill bees,20,0,0.33,0,"0.66,0.66,0.66,0.66,0.66,0.66,0.66,0.66,0.66,0.66,0.66,0.66",,0,european wasp
do european wasps pollinate,20,0,0.33,0,"0.00,0.00,0.66,0.66,0.66,0.66,0.66,0.66,0.66,0.66,0.66,0.66",,0,european wasp
do european wasps sting or bite,20,0,0.33,0,"0.09,0.09,0.09,0.09,0.09,0.09,0.09,0.09,0.09,0.09,0.09,0.09",,0,european wasp
how did european wasps get to australia,20,0,0.33,0,"0.66,0.66,1.00,0.66,0.66,0.66,0.66,0.66,0.66,0.66,0.66,0.66",,0,european wasp
how do european wasps sting,20,0,0.33,0,"0.66,0.66,0.66,0.66,0.66,0.00,0.66,0.00,0.66,0.66,0.66,0.66",,0,european wasp
how do you get rid of european wasps,20,0.36,0.69,0,"0.50,0.50,0.50,0.50,0.50,0.50,0.50,0.50,0.50,0.50,0.50,0.50",,0,european wasp
how much does a termite inspection cost,90,1.54,0.43,63400000,"0.17,0.64,0.64,0.23,0.29,1.00,0.64,0.64,0.29,0.52,0.41,0.52",1,7,termite inspection cost
what does a termite inspection cost,90,1.06,0.32,126,"0.28,0.50,0.50,0.50,0.35,0.78,0.78,0.64,0.64,1.00,0.78,0.78",1,7,termite inspection cost
how much does it cost for a termite inspection,70,1.54,0.43,125000000,"0.18,1.00,1.00,0.18,0.18,1.00,1.00,1.00,0.18,0.81,0.63,0.81",1,4,termite inspection cost
how much should a termite inspection cost,70,1.55,0.5,65100000,"0.18,1.00,1.00,0.18,0.18,1.00,1.00,1.00,0.18,0.81,0.63,0.81",1,5,termite inspection cost
what's the average cost of a termite inspection,30,0,0.33,0,"0.00,0.28,0.28,0.28,0.00,0.71,0.57,0.71,0.42,0.57,1.00,0.28",,0,termite inspection cost
how much does it cost to get a termite inspection,20,0,0.66,0,"0.66,0.66,0.66,0.66,0.66,0.66,0.66,0.66,0.66,0.66,0.66,0.66",,0,termite inspection cost
how much does it cost to have a termite inspection,20,0,0.33,0,"0.66,0.66,0.66,0.66,0.66,0.66,0.66,0.66,0.66,0.66,0.66,0.66",,0,termite inspection cost
how much does termite inspection cost,20,1.7,0.36,0,"0.25,0.25,0.25,0.50,0.25,0.75,0.75,0.75,0.50,0.75,0.50,0.75",,0,termite inspection cost
how much is a termite inspection cost,20,1.6,0.66,0,"0.66,0.66,0.66,0.66,0.66,0.66,0.66,0.66,0.66,0.66,0.66,0.33",,0,termite inspection cost
how much it cost for termite inspection,20,0,0.33,0,"0.66,0.66,0.66,0.66,0.66,0.66,0.66,0.66,0.66,0.66,0.66,0.66",,0,termite inspection cost
how much termite inspection cost,20,1.6,0.66,0,"0.07,0.07,0.07,0.07,0.07,0.11,0.07,0.11,0.07,0.07,0.07,0.07",,0,termite inspection cost
what is the cost of a termite inspection,20,0,0.99,0,"0.66,0.66,0.66,0.66,0.66,0.66,0.66,0.66,0.00,0.66,0.66,0.66",,0,termite inspection cost
how much do termite inspections cost,10,1.7,0.36,0,"0.25,0.25,0.25,0.25,0.00,0.75,0.50,0.50,0.25,0.75,0.25,0.50",,0,termite inspection cost
how much does a termite inspection cost in australia,10,0,0.33,0,"0.00,0.00,0.00,0.00,0.00,0.20,0.20,0.20,0.00,0.20,0.20,0.20",,0,termite inspection cost
how much does a termite inspection cost in sydney,10,0,0.33,0,"0.00,0.00,0.00,0.00,0.00,0.00,0.20,0.40,0.00,0.40,0.20,0.20",,0,termite inspection cost
how much does it cost for termite inspection,10,1.7,0.36,0,"0.00,0.25,0.25,0.25,0.00,0.75,0.50,0.50,0.25,0.50,0.25,0.25",,0,termite inspection cost
how much does it cost to do a termite inspection,10,0,0,0,"1.00,0.00,0.00,1.00,1.00,1.00,0.00,0.00,0.00,0.00,0.00,0.00",,0,termite inspection cost
what is the average cost of a termite inspection,10,0,0,0,"0.00,0.09,0.00,0.00,0.00,0.00,0.09,0.00,0.09,0.00,0.00,0.00",,0,termite inspection cost
how m7ch do monitored termite inspections cost,0,0,0,0,"0.00,0.00,0.00,0.00,0.00,0.00,0.00,0.00,0.00,0.00,0.00,0.00",,0,termite inspection cost
how much a termite inspection cost,0,1.6,0.66,0,"0.00,0.00,0.00,0.00,0.66,0.00,0.00,0.00,0.00,0.00,0.00,0.00",,0,termite inspection cost
how much do termite inspection cost,0,0,0,0,"0.00,0.00,0.00,0.00,0.00,0.00,0.00,0.00,0.00,0.00,0.00,0.00",,0,termite inspection cost
how much do termite inspections cost in california,0,0,0,0,"0.00,0.00,0.00,0.00,0.00,0.00,0.00,0.00,0.00,0.00,0.00,0.00",,0,termite inspection cost
how much does a full termite inspection cost,0,0,0,0,0.00,,0,termite inspection cost
how much does a home termite inspection cost,0,0,0,0,"1.00,0.00,0.00,0.00,1.00,0.00,0.00,0.00,0.00,0.00,0.00,0.00",,0,termite inspection cost
how much does a termite inspection and treatment cost,0,0,0,0,"0.00,0.00,0.00,0.00,0.00,0.00,0.00,0.00,0.00,0.00,0.00,0.00",,0,termite inspection cost
how much does pest control cost,1300,1.48,0.59,125,"0.52,0.52,0.52,0.25,0.11,0.68,0.68,0.84,1.00,1.00,1.00,1.00",1,8,pest control cost
how much does it cost for pest control,480,1.48,0.59,98700000,"0.55,1.00,0.45,0.36,0.16,0.10,0.10,1.00,0.20,0.20,0.16,0.24",1,6,pest control cost
how much pest control cost,320,1.44,0.65,202,"1.00,0.82,1.00,0.82,0.53,0.53,0.82,0.82,0.43,0.53,0.82,1.00",1,6,pest control cost
how much should pest control cost,260,1.51,0.59,99800000,"1.00,0.54,0.54,0.54,0.35,0.29,0.29,1.00,0.66,0.54,0.54,0.43",1,6,pest control cost
how much does a pest control cost,90,1.48,0.59,99100000,"0.41,0.41,0.41,0.17,0.11,0.41,0.29,0.82,0.64,0.82,0.64,1.00",1,6,pest control cost
how much does a pest control inspection cost,70,0,0.43,0,"0.27,0.63,0.45,0.63,0.36,1.00,0.81,0.45,0.81,1.00,0.63,0.63",1,4,pest control cost
how much does annual pest control cost,70,0,0,18400000,"0.28,0.35,0.35,0.35,0.28,0.64,0.50,0.28,0.50,1.00,0.50,0.50",1,4,pest control cost
how much does pest control cost in melbourne,70,1.87,0.67,7230000,"0.33,0.52,0.23,0.14,0.09,0.52,0.52,0.33,0.42,0.42,0.42,0.42",1,7,pest control cost
how much does pest control cost sydney,40,1.43,0.66,0,"0.71,0.71,0.57,0.28,0.28,0.71,0.28,0.42,0.57,0.57,0.71,1.00",,0,pest control cost
how much do pest control cost,30,1.78,0.54,0,"0.28,0.21,0.35,0.00,0.14,0.14,0.14,0.50,0.35,0.21,0.14,0.14",,0,pest control cost
how much does it cost pest control,30,0,0.33,0,"0.14,0.14,0.14,0.14,0.14,0.21,0.21,0.21,0.21,0.28,0.21,0.21",,0,pest control cost
how much a pest control cost,20,1.39,0.99,0,"0.66,0.66,0.66,0.66,0.66,0.66,0.66,0.66,0.66,0.66,0.66,0.66",,0,pest control cost
how much do pest control services cost,20,1.53,0.66,0,"0.14,0.14,0.14,0.14,0.14,0.14,0.14,0.14,0.14,0.14,0.14,0.14",,0,pest control cost
how much does a pest control license cost,20,0,0.33,0,"0.22,0.22,0.22,0.22,0.22,0.33,0.22,0.00,0.00,0.22,0.22,0.22",,0,pest control cost
how much does a pest control treatment cost,20,0,0.33,0,"0.28,0.28,0.28,0.28,0.28,0.42,0.28,0.00,0.00,0.28,0.28,0.28",,0,pest control cost
how much does average pest control cost,20,0,0.5,0,"0.28,0.28,0.28,0.28,0.28,0.42,0.28,0.00,0.00,0.00,0.28,0.28",,0,pest control cost
how much does cockroach pest control cost,20,1.55,0.66,0,"1.00,1.00,1.00,1.00,1.00,1.00,1.00,1.00,1.00,1.00,1.00,1.00",,0,pest control cost
how much does commercial pest control cost,20,0,0.33,0,"0.50,0.50,0.50,0.00,0.50,1.00,0.50,0.50,0.50,0.50,0.50,0.75",,0,pest control cost
how much does flea pest control cost,20,1.58,0.66,0,"0.66,0.66,0.66,0.66,0.66,1.00,0.66,0.66,0.66,0.66,0.66,0.66",,0,pest control cost
how much does it cost for a pest control,20,0,0.66,0,"0.14,0.14,0.14,0.14,0.14,0.14,0.00,0.14,0.14,0.14,0.14,0.14",,0,pest control cost
how much does it cost for a pest control service,20,1.53,0.66,0,"0.28,0.28,0.28,0.28,0.28,0.28,0.28,0.28,0.28,0.28,0.28,0.28",,0,pest control cost
how much does it cost for bed bug pest control,20,0,1,0,"0.66,0.66,0.66,0.66,0.66,0.00,0.66,0.66,0.66,0.66,0.66,0.66",,0,pest control cost
how much does it cost for pest control for cockroaches,20,0,0.86,0,"0.22,0.22,0.22,0.22,0.22,0.22,0.00,0.22,0.22,0.22,0.22,0.22",,0,pest control cost
how much does it cost for pest control for mice,20,0,0.9,0,"0.00,0.66,0.66,0.66,0.66,0.00,0.66,0.66,0.66,0.66,0.66,0.66",,0,pest control cost
how much does it cost for pest control to spray,20,1.35,0.99,0,"1.00,1.00,1.00,1.00,0.00,1.00,0.00,1.00,1.00,1.00,1.00,1.00",,0,pest control cost
