date,slug,file,source,pexels_id,photographer,url,licence
2026-09-25,how-to-get-rid-of-german-cockroaches,blog-german-cockroaches-1.jpg,pexels,6482827,Erik Karits,https://www.pexels.com/photo/close-up-shot-of-a-cockroach-6482827/,Pexels License
2026-09-25,how-to-get-rid-of-german-cockroaches,blog-german-cockroaches-2.jpg,pexels,11032990,Erik Karits,https://www.pexels.com/photo/a-cockroach-on-a-rock-11032990/,Pexels License
2026-09-28,white-tail-spider-bite,/assets/img/blog-white-tail-spider-bite-1.jpg,wikimedia,Lampona cylindrata female dorsal.jpg,carey-knox-southern-scales,https://commons.wikimedia.org/wiki/File:Lampona_cylindrata_female_dorsal.jpg,CC0
2026-09-28,white-tail-spider-bite,/assets/img/blog-white-tail-spider-bite-2.jpg,wikimedia,Lampona cylindrata female.jpeg,edwilson,https://commons.wikimedia.org/wiki/File:Lampona_cylindrata_female.jpeg,CC BY 4.0
2026-09-29,how-to-get-rid-of-silverfish,blog-silverfish-1.jpg,pexels,7899580,Egor Kamelev,https://www.pexels.com/photo/a-macro-shot-of-a-booklice-7899580/,Pexels License
2026-09-29,how-to-get-rid-of-silverfish,blog-silverfish-2.jpg,pexels,39523996,Karolina,https://www.pexels.com/photo/moss-covered-rock-with-lichen-and-insect-39523996/,Pexels License
2026-09-29,how-to-get-rid-of-silverfish,blog-silverfish-1.jpg,pexels,36533470,Rafael Minguet Delgado,https://www.pexels.com/photo/macro-shot-of-woodlouse-on-wooden-surface-36533470/,Pexels License
2026-09-29,how-to-get-rid-of-silverfish,blog-silverfish-2.jpg,pexels,1222551,Eneida Nieves,https://www.pexels.com/photo/books-on-wooden-shelf-1222551/,Pexels License
2026-09-29,are-huntsman-spiders-venomous,blog-huntsman-spiders-venomous-1.jpg,pexels,20403309,ABCDee David,https://www.pexels.com/photo/extreme-close-up-of-a-spider-20403309/,Pexels License
2026-09-29,are-huntsman-spiders-venomous,blog-huntsman-spiders-venomous-2.jpg,pexels,27351155,cassius cardoso,https://www.pexels.com/photo/a-spider-on-a-tree-trunk-with-a-large-web-27351155/,Pexels License
2026-09-29,are-huntsman-spiders-venomous,blog-huntsman-spiders-venomous-1.jpg,pexels,38604907,Lia Handayani,https://www.pexels.com/photo/close-up-of-a-golden-huntsman-spider-on-branch-38604907/,Pexels License
2026-09-29,are-huntsman-spiders-venomous,blog-huntsman-spiders-venomous-2.jpg,pexels,35310761,Erik Karits,https://www.pexels.com/photo/close-up-of-green-huntsman-spider-on-leaf-35310761/,Pexels License
2026-09-29,are-huntsman-spiders-venomous,blog-huntsman-spiders-venomous-1.jpg,pexels,32350822,Erik Karits,https://www.pexels.com/photo/close-up-of-green-huntsman-spider-on-leaf-32350822/,Pexels License
2026-09-29,are-huntsman-spiders-venomous,blog-huntsman-spiders-venomous-2.jpg,pexels,32350823,Erik Karits,https://www.pexels.com/photo/macro-shot-of-green-huntsman-spider-on-leaf-32350823/,Pexels License
2026-09-29,are-huntsman-spiders-venomous-r1,blog-huntsman-spiders-venomous-r1-1.jpg,pexels,20403261,ABCDee David,https://www.pexels.com/photo/extreme-close-up-of-a-huntsman-spider-20403261/,Pexels License
2026-09-29,are-huntsman-spiders-venomous-r1,blog-huntsman-spiders-venomous-r1-2.jpg,pexels,27033322,Erik Karits,https://www.pexels.com/photo/green-huntsman-spider-on-leaf-27033322/,Pexels License
2026-09-29,are-huntsman-spiders-venomous-r2,blog-huntsman-spiders-venomous-r2-1.jpg,pexels,34562526,Erik Karits,https://www.pexels.com/photo/green-huntsman-spider-close-up-on-leaf-34562526/,Pexels License
2026-09-29,are-huntsman-spiders-venomous,blog-huntsman-spiders-venomous-1.jpg,pexels,15905771,Erik Karits,https://www.pexels.com/photo/green-huntsman-spider-on-leaves-15905771/,Pexels License
2026-09-29,are-huntsman-spiders-venomous,blog-huntsman-spiders-venomous-2.jpg,pexels,32350825,Erik Karits,https://www.pexels.com/photo/close-up-of-green-huntsman-spider-on-leaf-32350825/,Pexels License
2026-09-29,are-huntsman-spiders-venomous-r1,blog-huntsman-spiders-venomous-r1-1.jpg,pexels,32401971,Marcus Lange,https://www.pexels.com/photo/close-up-of-a-wolf-spider-in-natural-habitat-32401971/,Pexels License
2026-09-29,are-huntsman-spiders-venomous-r1,blog-huntsman-spiders-venomous-r1-2.jpg,pexels,32269229,Erik Karits,https://www.pexels.com/photo/spotted-wolf-spider-on-weathered-wood-surface-32269229/,Pexels License
